source_relative_path	published_relative_path	source_bytes	source_sha256	published_sha256	publication_change
MANIFEST.sha256	docs/history/ORIGINAL_MANIFEST.sha256	72603	6c57fcd973f392f59f7d64c298c78fffe1e71cce1e8a60a9d1a773d1736a3669	6c57fcd973f392f59f7d64c298c78fffe1e71cce1e8a60a9d1a773d1736a3669	original
README.md	docs/history/HANDOFF_SOURCE_20260913.md	14076	15bfe41e5e0d682816a338008a4078d9d3693ccd8d10992711316e52e7e4e521	15bfe41e5e0d682816a338008a4078d9d3693ccd8d10992711316e52e7e4e521	original
a2_joystick_lab/CMakeLists.txt	a2_joystick_lab/CMakeLists.txt	2387	1fa3485444ee95d78f9c790bfb078fe94f28a9f2e9d8ed04e7fdb48e0c626e47	1fa3485444ee95d78f9c790bfb078fe94f28a9f2e9d8ed04e7fdb48e0c626e47	original
a2_joystick_lab/EXPERIMENT_01.md	a2_joystick_lab/EXPERIMENT_01.md	9898	0150a65bcf02d3e8d1b4f4964d2c0227eadec9c2cb26fd9db62489d4607814a5	0150a65bcf02d3e8d1b4f4964d2c0227eadec9c2cb26fd9db62489d4607814a5	original
a2_joystick_lab/EXPERIMENT_02_NETWORK_BRIDGE.md	a2_joystick_lab/EXPERIMENT_02_NETWORK_BRIDGE.md	4920	0ee1b89867c03d8b1a54dceadda06cf0794f1f1db476cfbf0bb942f8389cf551	0ee1b89867c03d8b1a54dceadda06cf0794f1f1db476cfbf0bb942f8389cf551	original
a2_joystick_lab/EXPERIMENT_03_REAL_FORWARD_CONTROL.md	a2_joystick_lab/EXPERIMENT_03_REAL_FORWARD_CONTROL.md	4682	b4ba9c5db5237fbf35b7b909be3aebc3db1216533ff1b416438d0a772df9aafb	b4ba9c5db5237fbf35b7b909be3aebc3db1216533ff1b416438d0a772df9aafb	original
a2_joystick_lab/EXPERIMENT_04_BLE_FORWARD_CONTROL.md	a2_joystick_lab/EXPERIMENT_04_BLE_FORWARD_CONTROL.md	3822	4990dc4e65fe1840a094b9a9f3df858077727159b721f8db15870c22d2fb0612	4990dc4e65fe1840a094b9a9f3df858077727159b721f8db15870c22d2fb0612	original
a2_joystick_lab/README.md	a2_joystick_lab/README.md	5942	91a9317a4209a9017b62dccc4896f6a1e230495ddde6606fb4ec429e2d5df5da	4cb312f82e79d1340c8848b97f1f26226f668cab9316119020638ef7b27d3e85	historical-document-banner
a2_joystick_lab/docs/tasks/README.md	a2_joystick_lab/docs/tasks/README.md	1258	2cdce3d700dc66d3adcb6d28078f195055032f9b0f05e650ab88d27da8bacb73	2cdce3d700dc66d3adcb6d28078f195055032f9b0f05e650ab88d27da8bacb73	original
a2_joystick_lab/docs/tasks/TASK_01_LOWSTATE_INPUT.md	a2_joystick_lab/docs/tasks/TASK_01_LOWSTATE_INPUT.md	1630	7676d6cdb2baa475d569866333c40aa404e3d757cbdba3c6edf9995a4303cdc0	7676d6cdb2baa475d569866333c40aa404e3d757cbdba3c6edf9995a4303cdc0	original
a2_joystick_lab/docs/tasks/TASK_02_BLE_INPUT.md	a2_joystick_lab/docs/tasks/TASK_02_BLE_INPUT.md	1503	b3405bb2bf861dfc13c2c6dd0c24e70d3582f5778eab63cccf1166611d406b81	b3405bb2bf861dfc13c2c6dd0c24e70d3582f5778eab63cccf1166611d406b81	original
a2_joystick_lab/docs/tasks/TASK_03_SINGLE_PC_CONTROL.md	a2_joystick_lab/docs/tasks/TASK_03_SINGLE_PC_CONTROL.md	1654	1bd7640f57f3b28eb3ac59bd7f0e0d5dbb96fbe046a5f629c54fc75fc82839dd	1bd7640f57f3b28eb3ac59bd7f0e0d5dbb96fbe046a5f629c54fc75fc82839dd	original
a2_joystick_lab/docs/tasks/TASK_04_DUAL_PC_RELAY.md	a2_joystick_lab/docs/tasks/TASK_04_DUAL_PC_RELAY.md	1421	9f876980a60837d99b3504266382ddad33386c35ef20a7c80bc18067704be525	9f876980a60837d99b3504266382ddad33386c35ef20a7c80bc18067704be525	original
a2_joystick_lab/docs/tasks/TASK_05_DUAL_PC_CONTROL.md	a2_joystick_lab/docs/tasks/TASK_05_DUAL_PC_CONTROL.md	2042	6aeb11038366fad924cf9414d14c3d5813d0357723988b3d343644b10432d81a	6aeb11038366fad924cf9414d14c3d5813d0357723988b3d343644b10432d81a	original
a2_joystick_lab/scripts/analyze_ble_udp_csv.py	a2_joystick_lab/scripts/analyze_ble_udp_csv.py	5149	b2925057a5216e2f6afa18973e72ae08b2d64b49f59495ae74e227cdee9bcfc3	b2925057a5216e2f6afa18973e72ae08b2d64b49f59495ae74e227cdee9bcfc3	original
a2_joystick_lab/scripts/analyze_bridge_csv.py	a2_joystick_lab/scripts/analyze_bridge_csv.py	1928	796964dc2edd9dd708db31610bb439e95fde13ab39d9acc3bc3cb9cfc983af78	796964dc2edd9dd708db31610bb439e95fde13ab39d9acc3bc3cb9cfc983af78	original
a2_joystick_lab/scripts/analyze_pc2_relay_csv.py	a2_joystick_lab/scripts/analyze_pc2_relay_csv.py	1757	48ad9704163b93c2b05885115da286c74d463f0638d200c8492812abcab8fc78	48ad9704163b93c2b05885115da286c74d463f0638d200c8492812abcab8fc78	original
a2_joystick_lab/scripts/pc2_udp_relay.py	a2_joystick_lab/scripts/pc2_udp_relay.py	8461	f546c6a2a6acedcaf634b72efea1664423770acbfd49f329040544823a6e17a9	f546c6a2a6acedcaf634b72efea1664423770acbfd49f329040544823a6e17a9	original
a2_joystick_lab/scripts/run_unitree_receiver_control.sh	a2_joystick_lab/scripts/run_unitree_receiver_control.sh	1308	3e2e5a5967cb80a707cc865f60dd5b4e47bdb3c3df97950440af9e7c79a6060c	3e2e5a5967cb80a707cc865f60dd5b4e47bdb3c3df97950440af9e7c79a6060c	original
a2_joystick_lab/scripts/run_unitree_receiver_dry.sh	a2_joystick_lab/scripts/run_unitree_receiver_dry.sh	453	8d08e4c84e87b757cbcf7e9fe12d6895c468d58c5e59a545549a97a01e9abca8	8d08e4c84e87b757cbcf7e9fe12d6895c468d58c5e59a545549a97a01e9abca8	original
a2_joystick_lab/scripts/udp_dry_receiver.py	a2_joystick_lab/scripts/udp_dry_receiver.py	4819	12f9f56145ca4a72b5926fe2e261a63da26ab11cf94a8c9fcb07ea9cd0ba52e1	12f9f56145ca4a72b5926fe2e261a63da26ab11cf94a8c9fcb07ea9cd0ba52e1	original
a2_joystick_lab/src/a2_button_mapper.cpp	a2_joystick_lab/src/a2_button_mapper.cpp	4646	d8c3ae814a10614a57e2048631e468fac4b9ee7e5dae880e56b4f68f10872eac	d8c3ae814a10614a57e2048631e468fac4b9ee7e5dae880e56b4f68f10872eac	original
a2_joystick_lab/src/a2_button_mapper.hpp	a2_joystick_lab/src/a2_button_mapper.hpp	1119	cf42662ff0668f3c22a268664cc77945897e509517457af4add51bb919065572	cf42662ff0668f3c22a268664cc77945897e509517457af4add51bb919065572	original
a2_joystick_lab/src/joystick_protocol.cpp	a2_joystick_lab/src/joystick_protocol.cpp	3645	36aae9c297dff0d5e1e4aa5a4ac10f1b3ebce22763c3df989c9ecffa8910ea40	36aae9c297dff0d5e1e4aa5a4ac10f1b3ebce22763c3df989c9ecffa8910ea40	original
a2_joystick_lab/src/joystick_protocol.hpp	a2_joystick_lab/src/joystick_protocol.hpp	1461	c782e305d550e25e3c0bda46da99387218c044ccfed284a416466a442dba9902	c782e305d550e25e3c0bda46da99387218c044ccfed284a416466a442dba9902	original
a2_joystick_lab/src/main.cpp	a2_joystick_lab/src/main.cpp	13513	c409c46b82f164d8c170df42ea13186aa3935a2f4efdf14937bda67967c3ebf9	c409c46b82f164d8c170df42ea13186aa3935a2f4efdf14937bda67967c3ebf9	original
a2_joystick_lab/src/motion_mode.cpp	a2_joystick_lab/src/motion_mode.cpp	4115	c0fe6852cd29c933233aea28eed8af5c47a765301bc0eb64ac5b5cfe8a7c8933	c0fe6852cd29c933233aea28eed8af5c47a765301bc0eb64ac5b5cfe8a7c8933	original
a2_joystick_lab/src/network_bridge.cpp	a2_joystick_lab/src/network_bridge.cpp	42050	569641319e748c561194b01155264c648d7a0fa0e2bac0f1e58e63e562fbcea8	569641319e748c561194b01155264c648d7a0fa0e2bac0f1e58e63e562fbcea8	original
a2_joystick_lab/src/network_packet.cpp	a2_joystick_lab/src/network_packet.cpp	7916	fc87bece4d24b5b3b2d9fd2c23157747cbcfa423b746c44d69940df258c586bc	fc87bece4d24b5b3b2d9fd2c23157747cbcfa423b746c44d69940df258c586bc	original
a2_joystick_lab/src/network_packet.hpp	a2_joystick_lab/src/network_packet.hpp	2573	b50161895afc8344c792f1703d123686ab81b226dd8e651042b62626524856aa	b50161895afc8344c792f1703d123686ab81b226dd8e651042b62626524856aa	original
a2_joystick_lab/tests/test_a2_button_mapper.cpp	a2_joystick_lab/tests/test_a2_button_mapper.cpp	2679	aa7f47706c04bc1a212a6d0fa20a97079632811533b55126f5005b61e4fc9600	aa7f47706c04bc1a212a6d0fa20a97079632811533b55126f5005b61e4fc9600	original
a2_joystick_lab/tests/test_network_packet.cpp	a2_joystick_lab/tests/test_network_packet.cpp	5058	0abac8706c9ccaa981d038237d89c41357a99ae2641c6d6581afa6e4a473266f	0abac8706c9ccaa981d038237d89c41357a99ae2641c6d6581afa6e4a473266f	original
a2_joystick_lab/tests/test_protocol.cpp	a2_joystick_lab/tests/test_protocol.cpp	2658	8a8eb0fae6ffb086d39a9073286f7f020f5e5d2e6243c40b3aa58da1c6eac4bc	8a8eb0fae6ffb086d39a9073286f7f020f5e5d2e6243c40b3aa58da1c6eac4bc	original
calibration/aloha_leader.json	calibration/aloha_leader.json	915	08a3a42c94dc4c15f7a0f8e3b779d67b50fa4f4a8298463ec17a11a7e8aa24cb	08a3a42c94dc4c15f7a0f8e3b779d67b50fa4f4a8298463ec17a11a7e8aa24cb	original
lerobot/LICENSE	lerobot/LICENSE	27627	0583375a0ec642ec79c447781f34322b0cfa66baff31258214d040f1f6d86d7c	0583375a0ec642ec79c447781f34322b0cfa66baff31258214d040f1f6d86d7c	original
lerobot/README.md	lerobot/README.md	12115	dc549b184582c8b0662a32f543ddb461a98c5640b41a5001518a18a22d9a1679	dc549b184582c8b0662a32f543ddb461a98c5640b41a5001518a18a22d9a1679	original
lerobot/docs/source/earthrover_mini_plus.mdx	lerobot/docs/source/earthrover_mini_plus.mdx	6484	0042fd029955537d08c26f314c97cb60d3890b5cfbcb9e96b7144b5266f55578	0042fd029955537d08c26f314c97cb60d3890b5cfbcb9e96b7144b5266f55578	original
lerobot/docs/source/eo1.mdx	lerobot/docs/source/eo1.mdx	7448	c45967c5b037684b9930ae5931249b03f1ea9b5ce9ece3a5eb4250952b54379c	c45967c5b037684b9930ae5931249b03f1ea9b5ce9ece3a5eb4250952b54379c	original
lerobot/docs/source/hope_jr.mdx	lerobot/docs/source/hope_jr.mdx	8831	800df8a12b2e41eb2823b99a71be688cdd7f50007cf0389905ab45b94050f92c	800df8a12b2e41eb2823b99a71be688cdd7f50007cf0389905ab45b94050f92c	original
lerobot/docs/source/koch.mdx	lerobot/docs/source/koch.mdx	9675	b5e0c2b1c5c3cc249fa2f36f519eb0ec44762995df8f39592f7d44714bdf8ba3	b5e0c2b1c5c3cc249fa2f36f519eb0ec44762995df8f39592f7d44714bdf8ba3	original
lerobot/docs/source/lekiwi.mdx	lerobot/docs/source/lekiwi.mdx	14363	ce2df7822ecd6710c860fbca3a6cc65bd94a464a71817211b929b6ef8c0fcb06	ce2df7822ecd6710c860fbca3a6cc65bd94a464a71817211b929b6ef8c0fcb06	original
lerobot/docs/source/lingbot_va.mdx	lerobot/docs/source/lingbot_va.mdx	10296	ad3218945c90b80470d11d2ab936ffca03a6259af0234cb2e60fec3c686056fb	ad3218945c90b80470d11d2ab936ffca03a6259af0234cb2e60fec3c686056fb	original
lerobot/docs/source/molmoact2.mdx	lerobot/docs/source/molmoact2.mdx	22451	39f4abce7b6b7dad01acdaacf00da58424aeb5ce818168ef0a25e59d7077bd48	39f4abce7b6b7dad01acdaacf00da58424aeb5ce818168ef0a25e59d7077bd48	original
lerobot/docs/source/policy_act_README.md	lerobot/docs/source/policy_act_README.md	319	146d6951776b64e59dc001ea3b0a899c69d3556dab58ae890f6cf2c34764e0d2	146d6951776b64e59dc001ea3b0a899c69d3556dab58ae890f6cf2c34764e0d2	original
lerobot/docs/source/policy_diffusion_README.md	lerobot/docs/source/policy_diffusion_README.md	410	0cae7913f1322708cd024ebc0bd07f4736ca2ba3bf52cdcc3a90999f76116b5e	0cae7913f1322708cd024ebc0bd07f4736ca2ba3bf52cdcc3a90999f76116b5e	original
lerobot/docs/source/policy_evo1_README.md	lerobot/docs/source/policy_evo1_README.md	488	6ca7edefc9d3220d242c420b0e2cf3e02037693bbd6b3b5953964b99c33ba545	6ca7edefc9d3220d242c420b0e2cf3e02037693bbd6b3b5953964b99c33ba545	original
lerobot/docs/source/policy_fastwam_README.md	lerobot/docs/source/policy_fastwam_README.md	1919	7f53630119fed88f25541827b98f267f4cba43af1bc1224076936b81f9ed9017	7f53630119fed88f25541827b98f267f4cba43af1bc1224076936b81f9ed9017	original
lerobot/docs/source/policy_groot_README.md	lerobot/docs/source/policy_groot_README.md	7247	10b51776cdaa7449099398723af38480fdf4f4cc8568336e39233f3f5c04b37f	10b51776cdaa7449099398723af38480fdf4f4cc8568336e39233f3f5c04b37f	original
lerobot/docs/source/policy_multi_task_dit_README.md	lerobot/docs/source/policy_multi_task_dit_README.md	1131	cd410977ac83ccb43e363f97aae8a86363295a565f6e67c5f4b609c213cdfcc5	cd410977ac83ccb43e363f97aae8a86363295a565f6e67c5f4b609c213cdfcc5	original
lerobot/docs/source/policy_pi05_README.md	lerobot/docs/source/policy_pi05_README.md	4672	b049a73d6fc826357d051b1ae5f98affa85dc03ae06ca94400084af069dc4e5c	b049a73d6fc826357d051b1ae5f98affa85dc03ae06ca94400084af069dc4e5c	original
lerobot/docs/source/policy_pi0_README.md	lerobot/docs/source/policy_pi0_README.md	4788	425032c8bb3fed096eda45e032d6ded6a3d8bd431d19d8bacc8b00d479aa487e	425032c8bb3fed096eda45e032d6ded6a3d8bd431d19d8bacc8b00d479aa487e	original
lerobot/docs/source/policy_rtc_README.md	lerobot/docs/source/policy_rtc_README.md	1208	5a00a77a749a9bf9d0b6d2bd2f21005f159cbdb136db042165223fc0d1311a18	5a00a77a749a9bf9d0b6d2bd2f21005f159cbdb136db042165223fc0d1311a18	original
lerobot/docs/source/policy_smolvla_README.md	lerobot/docs/source/policy_smolvla_README.md	536	518995d5cb706f7e70e8aa606b71c53279f6d6cf6ed8a988c15bb903cc5af16c	518995d5cb706f7e70e8aa606b71c53279f6d6cf6ed8a988c15bb903cc5af16c	original
lerobot/docs/source/policy_tdmpc_README.md	lerobot/docs/source/policy_tdmpc_README.md	265	6227f422719d11a585ba36fc8a724421d3005cbb34350029e3dc491518b8b388	6227f422719d11a585ba36fc8a724421d3005cbb34350029e3dc491518b8b388	original
lerobot/docs/source/policy_vla_jepa_README.md	lerobot/docs/source/policy_vla_jepa_README.md	1800	f017d5e99bc369b76256a18b5e190005b119f0e37fa8917d9a0c47c7b641ebc5	f017d5e99bc369b76256a18b5e190005b119f0e37fa8917d9a0c47c7b641ebc5	original
lerobot/docs/source/policy_vqbet_README.md	lerobot/docs/source/policy_vqbet_README.md	333	b80931a074f1bebf79b33bcac668edf999cc657c3665937e697da4e263ce3837	b80931a074f1bebf79b33bcac668edf999cc657c3665937e697da4e263ce3837	original
lerobot/docs/source/policy_walloss_README.md	lerobot/docs/source/policy_walloss_README.md	1651	84b9278b4d4c70b3c2600f618244dd3c04dec48a2a86d972c30e9c5e438ffe83	84b9278b4d4c70b3c2600f618244dd3c04dec48a2a86d972c30e9c5e438ffe83	original
lerobot/docs/source/so100.mdx	lerobot/docs/source/so100.mdx	19908	f25586ff96ba4af49184ce62e9a6861307ef03cde132b777e45da77b72e234c2	f25586ff96ba4af49184ce62e9a6861307ef03cde132b777e45da77b72e234c2	original
lerobot/docs/source/so101.mdx	lerobot/docs/source/so101.mdx	14708	0d84a63647e64cc65edc622ed1c781e7c5b99e36b8e7502a40fcb65fa16c1e53	0d84a63647e64cc65edc622ed1c781e7c5b99e36b8e7502a40fcb65fa16c1e53	original
lerobot/pyproject.toml	lerobot/pyproject.toml	21775	d9e8960c33b69f963af3e7753ef05b902385c5f632444a73a10fd52fbc79851c	d9e8960c33b69f963af3e7753ef05b902385c5f632444a73a10fd52fbc79851c	original
lerobot/src/lerobot/__init__.py	lerobot/src/lerobot/__init__.py	1965	9de5fe33e0bf693e86e9bf55360942385a504a1baff224577a405ca91ea33838	9de5fe33e0bf693e86e9bf55360942385a504a1baff224577a405ca91ea33838	original
lerobot/src/lerobot/__version__.py	lerobot/src/lerobot/__version__.py	834	beb2aa5d785c7e7ccbcb910ec4688e2868423458e2a1aac7fd76c1e1a182a470	beb2aa5d785c7e7ccbcb910ec4688e2868423458e2a1aac7fd76c1e1a182a470	original
lerobot/src/lerobot/annotations/__init__.py	lerobot/src/lerobot/annotations/__init__.py	634	4d6a30338277c65b6fa6de3f0e1696280067e6536903ff38cc669766645926a8	4d6a30338277c65b6fa6de3f0e1696280067e6536903ff38cc669766645926a8	original
lerobot/src/lerobot/annotations/steerable_pipeline/__init__.py	lerobot/src/lerobot/annotations/steerable_pipeline/__init__.py	1429	922c5621c285917ef71453af1c585c404dd308ac6e00b16de5a20765fc44e59a	922c5621c285917ef71453af1c585c404dd308ac6e00b16de5a20765fc44e59a	original
lerobot/src/lerobot/annotations/steerable_pipeline/config.py	lerobot/src/lerobot/annotations/steerable_pipeline/config.py	8669	5a8570a2e74ff1e5802243cd5521b46616c73b85211a84098035f497e6ac2c8d	5a8570a2e74ff1e5802243cd5521b46616c73b85211a84098035f497e6ac2c8d	original
lerobot/src/lerobot/annotations/steerable_pipeline/executor.py	lerobot/src/lerobot/annotations/steerable_pipeline/executor.py	10528	bf916a3bc95650136825f3e223418b8fb4db3ec0b1d85fe68593ec44f8f8d1e2	bf916a3bc95650136825f3e223418b8fb4db3ec0b1d85fe68593ec44f8f8d1e2	original
lerobot/src/lerobot/annotations/steerable_pipeline/frames.py	lerobot/src/lerobot/annotations/steerable_pipeline/frames.py	21150	0c76a4081ae92ff8dd51772f1f7e943f0c35a06a63ed610b03fe78556d5f0e98	0c76a4081ae92ff8dd51772f1f7e943f0c35a06a63ed610b03fe78556d5f0e98	original
lerobot/src/lerobot/annotations/steerable_pipeline/modules/__init__.py	lerobot/src/lerobot/annotations/steerable_pipeline/modules/__init__.py	910	e824ff05ada8e8822eb6ff17e933e060d5a1bc25907daab621da37b8b0dcc60e	e824ff05ada8e8822eb6ff17e933e060d5a1bc25907daab621da37b8b0dcc60e	original
lerobot/src/lerobot/annotations/steerable_pipeline/modules/general_vqa.py	lerobot/src/lerobot/annotations/steerable_pipeline/modules/general_vqa.py	10075	b27e11092b9992fa776b7cda7314a335b92ac5659281f0eacc982a994e7ea440	b27e11092b9992fa776b7cda7314a335b92ac5659281f0eacc982a994e7ea440	original
lerobot/src/lerobot/annotations/steerable_pipeline/modules/interjections_and_speech.py	lerobot/src/lerobot/annotations/steerable_pipeline/modules/interjections_and_speech.py	9301	e7f8eb31b25e21aef03f2a96cece6575a89564eef574eb236984a4a57054a33a	e7f8eb31b25e21aef03f2a96cece6575a89564eef574eb236984a4a57054a33a	original
lerobot/src/lerobot/annotations/steerable_pipeline/modules/plan_subtasks_memory.py	lerobot/src/lerobot/annotations/steerable_pipeline/modules/plan_subtasks_memory.py	36884	48f44c050d4af251d6467dad71eb048b135eaf7d20e15a15d7b79ad741a1a68a	48f44c050d4af251d6467dad71eb048b135eaf7d20e15a15d7b79ad741a1a68a	original
lerobot/src/lerobot/annotations/steerable_pipeline/prompts/__init__.py	lerobot/src/lerobot/annotations/steerable_pipeline/prompts/__init__.py	1655	9de4cdb19c6d7724c07d70d1641651f20a1181adb29a2b30312c65e597236385	9de4cdb19c6d7724c07d70d1641651f20a1181adb29a2b30312c65e597236385	original
lerobot/src/lerobot/annotations/steerable_pipeline/prompts/interjections_initial_speech.txt	lerobot/src/lerobot/annotations/steerable_pipeline/prompts/interjections_initial_speech.txt	423	1fb06670a6d0fd220c4f22a7f65a8bd5c90b1afc60e3a1e10812171500b6f9fd	1fb06670a6d0fd220c4f22a7f65a8bd5c90b1afc60e3a1e10812171500b6f9fd	original
lerobot/src/lerobot/annotations/steerable_pipeline/prompts/interjections_interjection.txt	lerobot/src/lerobot/annotations/steerable_pipeline/prompts/interjections_interjection.txt	2068	f8cfa71c6078c293a45e34a3681e2ab385db9f950a541c6af87dc3684f61cd17	f8cfa71c6078c293a45e34a3681e2ab385db9f950a541c6af87dc3684f61cd17	original
lerobot/src/lerobot/annotations/steerable_pipeline/prompts/plan_memory.txt	lerobot/src/lerobot/annotations/steerable_pipeline/prompts/plan_memory.txt	1661	dd6a7f84249cafaf2271ea4b497166bcb489a455d9d28d2da0ff32ae2e0a9a5e	dd6a7f84249cafaf2271ea4b497166bcb489a455d9d28d2da0ff32ae2e0a9a5e	original
lerobot/src/lerobot/annotations/steerable_pipeline/prompts/plan_subtask_describe.txt	lerobot/src/lerobot/annotations/steerable_pipeline/prompts/plan_subtask_describe.txt	1208	3d91d2fdf8308c31ff318eff0c86d0b4fed61e1e70225ec6647d822aec5d3e70	3d91d2fdf8308c31ff318eff0c86d0b4fed61e1e70225ec6647d822aec5d3e70	original
lerobot/src/lerobot/annotations/steerable_pipeline/prompts/plan_subtask_relabel.txt	lerobot/src/lerobot/annotations/steerable_pipeline/prompts/plan_subtask_relabel.txt	1756	b2f5e02f1f6a9869cef6104dfbb3a560ba1f3f07614bf2e935e3e7a90a14014b	b2f5e02f1f6a9869cef6104dfbb3a560ba1f3f07614bf2e935e3e7a90a14014b	original
lerobot/src/lerobot/annotations/steerable_pipeline/prompts/plan_subtasks.txt	lerobot/src/lerobot/annotations/steerable_pipeline/prompts/plan_subtasks.txt	3400	498c246878c31414f75dd22f1d0710662391bc9cb05ac96bc98b97f3ce78b15d	498c246878c31414f75dd22f1d0710662391bc9cb05ac96bc98b97f3ce78b15d	original
lerobot/src/lerobot/annotations/steerable_pipeline/prompts/plan_task_aug_axes.txt	lerobot/src/lerobot/annotations/steerable_pipeline/prompts/plan_task_aug_axes.txt	3113	30a716033c281cdcbf7f5a17b8d6012bc733b100b3a28177baa8bebf383fb1d7	30a716033c281cdcbf7f5a17b8d6012bc733b100b3a28177baa8bebf383fb1d7	original
lerobot/src/lerobot/annotations/steerable_pipeline/prompts/plan_task_rephrasings.txt	lerobot/src/lerobot/annotations/steerable_pipeline/prompts/plan_task_rephrasings.txt	1056	36f7b901eedc2f99c5f417ddfd379d246e04a8f6645613de7b24ec5481b5c1fc	36f7b901eedc2f99c5f417ddfd379d246e04a8f6645613de7b24ec5481b5c1fc	original
lerobot/src/lerobot/annotations/steerable_pipeline/prompts/plan_video_task.txt	lerobot/src/lerobot/annotations/steerable_pipeline/prompts/plan_video_task.txt	703	81efd86a973d6cdec8ece3d53f26d2338c7608a38efd0e06966bc0c263f60f50	81efd86a973d6cdec8ece3d53f26d2338c7608a38efd0e06966bc0c263f60f50	original
lerobot/src/lerobot/annotations/steerable_pipeline/prompts/vqa.txt	lerobot/src/lerobot/annotations/steerable_pipeline/prompts/vqa.txt	1364	05ca276e483a8ad440d2756ab0ffe8b4fcc40daad47663f3b2181eb0b53592a4	05ca276e483a8ad440d2756ab0ffe8b4fcc40daad47663f3b2181eb0b53592a4	original
lerobot/src/lerobot/annotations/steerable_pipeline/reader.py	lerobot/src/lerobot/annotations/steerable_pipeline/reader.py	7982	abfdd14b09d9d062629244040cae5f85928e7c9c9dfb458ab2d4c54f4c1e91f8	abfdd14b09d9d062629244040cae5f85928e7c9c9dfb458ab2d4c54f4c1e91f8	original
lerobot/src/lerobot/annotations/steerable_pipeline/staging.py	lerobot/src/lerobot/annotations/steerable_pipeline/staging.py	3195	293dc0f1aaba842dcda3e3dc2178db65bb1c276935ace1d7a40099307efee95c	293dc0f1aaba842dcda3e3dc2178db65bb1c276935ace1d7a40099307efee95c	original
lerobot/src/lerobot/annotations/steerable_pipeline/validator.py	lerobot/src/lerobot/annotations/steerable_pipeline/validator.py	12926	709bac145c8eb50d46893ec59b207eb6cd446ec29de1b5455478fb20d9828d66	709bac145c8eb50d46893ec59b207eb6cd446ec29de1b5455478fb20d9828d66	original
lerobot/src/lerobot/annotations/steerable_pipeline/vlm_client.py	lerobot/src/lerobot/annotations/steerable_pipeline/vlm_client.py	24660	be1fd418816ed09131899be44a9852fa16c48da0f06a0ea3a9ab8facbb756c71	be1fd418816ed09131899be44a9852fa16c48da0f06a0ea3a9ab8facbb756c71	original
lerobot/src/lerobot/annotations/steerable_pipeline/writer.py	lerobot/src/lerobot/annotations/steerable_pipeline/writer.py	13877	8af50cfb642a66b26a61d7e3263303e046ebbdf2995bd9499dd67620ab854efd	8af50cfb642a66b26a61d7e3263303e046ebbdf2995bd9499dd67620ab854efd	original
lerobot/src/lerobot/async_inference/__init__.py	lerobot/src/lerobot/async_inference/__init__.py	993	0c535c81ff24d7e5258227d0b9126672897b2fd10f4df97387b15b95d6d3bf81	0c535c81ff24d7e5258227d0b9126672897b2fd10f4df97387b15b95d6d3bf81	original
lerobot/src/lerobot/async_inference/configs.py	lerobot/src/lerobot/async_inference/configs.py	7873	9b3514b3c09727dc1336d9586e68bd2c276c401ed34bffb69f9e7f67f0f7f342	9b3514b3c09727dc1336d9586e68bd2c276c401ed34bffb69f9e7f67f0f7f342	original
lerobot/src/lerobot/async_inference/constants.py	lerobot/src/lerobot/async_inference/constants.py	1150	6ff4bac2a25eff10bc3e0b97d07c07a515ad70530336fdbacd4fe9a0364b0ee9	6ff4bac2a25eff10bc3e0b97d07c07a515ad70530336fdbacd4fe9a0364b0ee9	original
lerobot/src/lerobot/async_inference/helpers.py	lerobot/src/lerobot/async_inference/helpers.py	9864	1457c5bb556b4f10225a9c94ac95553bd53c7b51665f1c918e15bb2acb0ac24e	1457c5bb556b4f10225a9c94ac95553bd53c7b51665f1c918e15bb2acb0ac24e	original
lerobot/src/lerobot/async_inference/policy_server.py	lerobot/src/lerobot/async_inference/policy_server.py	16932	0e29bce10b7f97e74c7d2e666ea1e219da506b1dde6aa85b26fce827b9395c04	0e29bce10b7f97e74c7d2e666ea1e219da506b1dde6aa85b26fce827b9395c04	original
lerobot/src/lerobot/async_inference/robot_client.py	lerobot/src/lerobot/async_inference/robot_client.py	20374	c557f2f866abe1cc776fe0bd0b167ec3b19978d644876a748eb5efd3afd554ce	c557f2f866abe1cc776fe0bd0b167ec3b19978d644876a748eb5efd3afd554ce	original
lerobot/src/lerobot/cameras/__init__.py	lerobot/src/lerobot/cameras/__init__.py	1136	ce953ffe7885071d516f3c9d662cc9af418c03dfa5c6c8b59782a8df537e9e6e	ce953ffe7885071d516f3c9d662cc9af418c03dfa5c6c8b59782a8df537e9e6e	original
lerobot/src/lerobot/cameras/camera.py	lerobot/src/lerobot/cameras/camera.py	6332	75e10b3203bcaef522a1c4e4ba479daf5e78c3d7503e96691396215a16c2a718	75e10b3203bcaef522a1c4e4ba479daf5e78c3d7503e96691396215a16c2a718	original
lerobot/src/lerobot/cameras/configs.py	lerobot/src/lerobot/cameras/configs.py	1987	0d6b155f6edf76cef332898e6c815c225c855dfb24db8c7afc48201329ba8acb	0d6b155f6edf76cef332898e6c815c225c855dfb24db8c7afc48201329ba8acb	original
lerobot/src/lerobot/cameras/opencv/__init__.py	lerobot/src/lerobot/cameras/opencv/__init__.py	755	bcd30663067446f6c72beea9a9c7fdfda0c26889ba9476f10c0e77855bdfc64a	bcd30663067446f6c72beea9a9c7fdfda0c26889ba9476f10c0e77855bdfc64a	original
lerobot/src/lerobot/cameras/opencv/camera_opencv.py	lerobot/src/lerobot/cameras/opencv/camera_opencv.py	24276	8bb2d20b0ed98fe387823665139c32426e0dffe2585ab76f530b013357857783	8bb2d20b0ed98fe387823665139c32426e0dffe2585ab76f530b013357857783	original
lerobot/src/lerobot/cameras/opencv/configuration_opencv.py	lerobot/src/lerobot/cameras/opencv/configuration_opencv.py	3586	2cedce42433f44333b12e21af71efb9efb52e88df7589a5363fb9a632d264dfe	2cedce42433f44333b12e21af71efb9efb52e88df7589a5363fb9a632d264dfe	original
lerobot/src/lerobot/cameras/reachy2_camera/__init__.py	lerobot/src/lerobot/cameras/reachy2_camera/__init__.py	768	ae77b1d296297142f3e702f83c4d3aefd582d74c824b005880c599c10ee93199	ae77b1d296297142f3e702f83c4d3aefd582d74c824b005880c599c10ee93199	original
lerobot/src/lerobot/cameras/reachy2_camera/configuration_reachy2_camera.py	lerobot/src/lerobot/cameras/reachy2_camera/configuration_reachy2_camera.py	3161	f92ef6f67bc20e8de7a39d8ee34206af684060ba484925f861d24417d519eb22	f92ef6f67bc20e8de7a39d8ee34206af684060ba484925f861d24417d519eb22	original
lerobot/src/lerobot/cameras/reachy2_camera/reachy2_camera.py	lerobot/src/lerobot/cameras/reachy2_camera/reachy2_camera.py	9296	00a34dd25d2be2171d95affab620e194b53aa4d6ba3de3656b357b200ec70975	00a34dd25d2be2171d95affab620e194b53aa4d6ba3de3656b357b200ec70975	original
lerobot/src/lerobot/cameras/realsense/__init__.py	lerobot/src/lerobot/cameras/realsense/__init__.py	773	0be403ef686e817125fd6d9f8ada1f15b16de1276245ca7faa976342c8850136	0be403ef686e817125fd6d9f8ada1f15b16de1276245ca7faa976342c8850136	original
lerobot/src/lerobot/cameras/realsense/camera_realsense.py	lerobot/src/lerobot/cameras/realsense/camera_realsense.py	29048	2c4b2061cea5f7a84ad32f2fffd3153bdbd9fd2333ec09559068840e9e94fdec	2c4b2061cea5f7a84ad32f2fffd3153bdbd9fd2333ec09559068840e9e94fdec	original
lerobot/src/lerobot/cameras/realsense/configuration_realsense.py	lerobot/src/lerobot/cameras/realsense/configuration_realsense.py	3450	62e40f6c32d7a8fddc12f79a1b93e14843214d24d8594f8606b5e51c0e8abbde	62e40f6c32d7a8fddc12f79a1b93e14843214d24d8594f8606b5e51c0e8abbde	original
lerobot/src/lerobot/cameras/utils.py	lerobot/src/lerobot/cameras/utils.py	2325	f3918b33757f3708709beb651a77e855291d7f20b6a9be425addb076cf2491f8	f3918b33757f3708709beb651a77e855291d7f20b6a9be425addb076cf2491f8	original
lerobot/src/lerobot/cameras/zmq/__init__.py	lerobot/src/lerobot/cameras/zmq/__init__.py	760	1b42f41bac5fb6bb1b7a3a2894b1aac785aac33bc4810ca3766cadafb68a81a6	1b42f41bac5fb6bb1b7a3a2894b1aac785aac33bc4810ca3766cadafb68a81a6	original
lerobot/src/lerobot/cameras/zmq/camera_zmq.py	lerobot/src/lerobot/cameras/zmq/camera_zmq.py	13550	7cf0bd4ac0d36976b672f56080680896661e7e57d466fe1aa899e65839cf8aef	7cf0bd4ac0d36976b672f56080680896661e7e57d466fe1aa899e65839cf8aef	original
lerobot/src/lerobot/cameras/zmq/configuration_zmq.py	lerobot/src/lerobot/cameras/zmq/configuration_zmq.py	1495	616e85ae8f9ebd001afe2f640c47721cbbb44713755bb8fbf97e1e93b9c87cd6	616e85ae8f9ebd001afe2f640c47721cbbb44713755bb8fbf97e1e93b9c87cd6	original
lerobot/src/lerobot/cameras/zmq/image_server.py	lerobot/src/lerobot/cameras/zmq/image_server.py	6663	4619cbe52cb954b3afe69d6746accba8613145ae44ef2aa3b3aa4f0771d9e245	4619cbe52cb954b3afe69d6746accba8613145ae44ef2aa3b3aa4f0771d9e245	original
lerobot/src/lerobot/common/__init__.py	lerobot/src/lerobot/common/__init__.py	1188	a2b6baac5624187155f84e660eed66f2c293918e80cbd115e47249e323180b89	a2b6baac5624187155f84e660eed66f2c293918e80cbd115e47249e323180b89	original
lerobot/src/lerobot/common/control_utils.py	lerobot/src/lerobot/common/control_utils.py	9361	a4d6df887ed1763fcbff154738cd4d9b79e576474f66d7d33f8775b515842117	a4d6df887ed1763fcbff154738cd4d9b79e576474f66d7d33f8775b515842117	original
lerobot/src/lerobot/common/train_utils.py	lerobot/src/lerobot/common/train_utils.py	15435	2c16a61fb486253ebce7684786c73f141a6d2d57c8bcdab681ad26d2c9716698	2c16a61fb486253ebce7684786c73f141a6d2d57c8bcdab681ad26d2c9716698	original
lerobot/src/lerobot/common/wandb_utils.py	lerobot/src/lerobot/common/wandb_utils.py	8546	99fe4a82e8fde848ec586f8261a892447a051e7fe8b79022886c965436fb5125	99fe4a82e8fde848ec586f8261a892447a051e7fe8b79022886c965436fb5125	original
lerobot/src/lerobot/configs/__init__.py	lerobot/src/lerobot/configs/__init__.py	2423	f223461091be0225cb917939e810d58856408adac39815b676fe2ede11b65f12	f223461091be0225cb917939e810d58856408adac39815b676fe2ede11b65f12	original
lerobot/src/lerobot/configs/dataset.py	lerobot/src/lerobot/configs/dataset.py	4610	8ea6aea95ec55da9aa25f06d7f1532d7cbb8f290d3a9e6f6ab368c885bd22753	8ea6aea95ec55da9aa25f06d7f1532d7cbb8f290d3a9e6f6ab368c885bd22753	original
lerobot/src/lerobot/configs/default.py	lerobot/src/lerobot/configs/default.py	8946	93ab849672a146123ca2f9e96a36123fbfd83e22f21e4353a468d7dca7d81712	93ab849672a146123ca2f9e96a36123fbfd83e22f21e4353a468d7dca7d81712	original
lerobot/src/lerobot/configs/eval.py	lerobot/src/lerobot/configs/eval.py	3241	c709b1420e67fab5eb4cee03d623debe3462e3d0bb39761a1b895646929f739d	c709b1420e67fab5eb4cee03d623debe3462e3d0bb39761a1b895646929f739d	original
lerobot/src/lerobot/configs/parser.py	lerobot/src/lerobot/configs/parser.py	13173	69118561b33fbed68ad27066c26af894ad21d2caf4ed3577bad71bf32a05e036	69118561b33fbed68ad27066c26af894ad21d2caf4ed3577bad71bf32a05e036	original
lerobot/src/lerobot/configs/policies.py	lerobot/src/lerobot/configs/policies.py	9253	94bfe65715b2d35ac0ddfd79e52b8f9c1cf8a28fc1d62d56cd6fb2c3908a8876	94bfe65715b2d35ac0ddfd79e52b8f9c1cf8a28fc1d62d56cd6fb2c3908a8876	original
lerobot/src/lerobot/configs/recipe.py	lerobot/src/lerobot/configs/recipe.py	8802	828acdd889a24d51cb3d117711b4f26e96868a9a138334fd3df9a7c3e456a784	828acdd889a24d51cb3d117711b4f26e96868a9a138334fd3df9a7c3e456a784	original
lerobot/src/lerobot/configs/rewards.py	lerobot/src/lerobot/configs/rewards.py	6177	bf749d791e5ddf95d42487b0fbe200cbc3272ed3bbe305cf82201206f2db744b	bf749d791e5ddf95d42487b0fbe200cbc3272ed3bbe305cf82201206f2db744b	original
lerobot/src/lerobot/configs/train.py	lerobot/src/lerobot/configs/train.py	16235	e947a6a0dc7006ef02bb1fb301007684c86930bc21e5a6abdfd4849a11727291	e947a6a0dc7006ef02bb1fb301007684c86930bc21e5a6abdfd4849a11727291	original
lerobot/src/lerobot/configs/types.py	lerobot/src/lerobot/configs/types.py	1440	1354e7d24b19d5d4970064104f76d8c85570c204bf2d09e2b4402f93a994ad99	1354e7d24b19d5d4970064104f76d8c85570c204bf2d09e2b4402f93a994ad99	original
lerobot/src/lerobot/configs/video.py	lerobot/src/lerobot/configs/video.py	14365	51dc623e5bab521319b51f730e94eb365a9cb3679f73537c7d797b6f2a77bb56	51dc623e5bab521319b51f730e94eb365a9cb3679f73537c7d797b6f2a77bb56	original
lerobot/src/lerobot/data_processing/__init__.py	lerobot/src/lerobot/data_processing/__init__.py	821	7e759afdd15bdd8a70975d50422b01a4afca2d0674cf6d69d9a519660792bffa	7e759afdd15bdd8a70975d50422b01a4afca2d0674cf6d69d9a519660792bffa	original
lerobot/src/lerobot/data_processing/sarm_annotations/__init__.py	lerobot/src/lerobot/data_processing/sarm_annotations/__init__.py	796	ac557936fe96dee688af5a329b5eee55e4b481baf411d2a26db276d6063de845	ac557936fe96dee688af5a329b5eee55e4b481baf411d2a26db276d6063de845	original
lerobot/src/lerobot/data_processing/sarm_annotations/subtask_annotation.py	lerobot/src/lerobot/data_processing/sarm_annotations/subtask_annotation.py	47207	64bc01c284dfa9fc394fb263af896c33c1f7b55c466ea608ebc3d89befc19b01	64bc01c284dfa9fc394fb263af896c33c1f7b55c466ea608ebc3d89befc19b01	original
lerobot/src/lerobot/datasets/__init__.py	lerobot/src/lerobot/datasets/__init__.py	3388	8237e0413e5dbe11ae74caea348a4507b75f91d57c4fb88b5416ce84aa80f3b7	8237e0413e5dbe11ae74caea348a4507b75f91d57c4fb88b5416ce84aa80f3b7	original
lerobot/src/lerobot/datasets/aggregate.py	lerobot/src/lerobot/datasets/aggregate.py	30156	577808f673ad6d0dc85a8d6ee03f03bc150b2471e46e35d088c099909c7d5654	577808f673ad6d0dc85a8d6ee03f03bc150b2471e46e35d088c099909c7d5654	original
lerobot/src/lerobot/datasets/card_template.md	lerobot/src/lerobot/datasets/card_template.md	1224	f237ac3b54c0a87c99248fcc60d10abe4677c0e8775561f91348cd575819b9ff	f237ac3b54c0a87c99248fcc60d10abe4677c0e8775561f91348cd575819b9ff	original
lerobot/src/lerobot/datasets/compute_stats.py	lerobot/src/lerobot/datasets/compute_stats.py	28754	d546a5c690eff716a10e9b13d70cd5d1ef7fed88f2f9c40c99f2f7f50845cf45	d546a5c690eff716a10e9b13d70cd5d1ef7fed88f2f9c40c99f2f7f50845cf45	original
lerobot/src/lerobot/datasets/dataset_metadata.py	lerobot/src/lerobot/datasets/dataset_metadata.py	33361	57d5362571053bb67567ceb4e3fe2f879278fb4215577e9dd2d37b9bebe802c7	57d5362571053bb67567ceb4e3fe2f879278fb4215577e9dd2d37b9bebe802c7	original
lerobot/src/lerobot/datasets/dataset_reader.py	lerobot/src/lerobot/datasets/dataset_reader.py	14991	3a477dae6aa887449f09be25b385485b065861d13c5448b9369a0ba09f01bb5d	3a477dae6aa887449f09be25b385485b065861d13c5448b9369a0ba09f01bb5d	original
lerobot/src/lerobot/datasets/dataset_tools.py	lerobot/src/lerobot/datasets/dataset_tools.py	80480	96b2eadc82aa16ac4ace7a45b1e84c5a97a917a0907ea2aa458b45fdaba8b734	96b2eadc82aa16ac4ace7a45b1e84c5a97a917a0907ea2aa458b45fdaba8b734	original
lerobot/src/lerobot/datasets/dataset_writer.py	lerobot/src/lerobot/datasets/dataset_writer.py	29890	85f040139575884079b49f759a992f42e41d42be1980a6b23542798c1e7f8f5f	85f040139575884079b49f759a992f42e41d42be1980a6b23542798c1e7f8f5f	original
lerobot/src/lerobot/datasets/depth_utils.py	lerobot/src/lerobot/datasets/depth_utils.py	10932	dbedec93aa7b8b11e093f1efa6bb0e5a34e283e20fc0314e8e58c66635aaf008	dbedec93aa7b8b11e093f1efa6bb0e5a34e283e20fc0314e8e58c66635aaf008	original
lerobot/src/lerobot/datasets/factory.py	lerobot/src/lerobot/datasets/factory.py	8496	8af7945ce4802e1aede4dda316f32cb57bc634482f12ee0eface4721cd748e05	8af7945ce4802e1aede4dda316f32cb57bc634482f12ee0eface4721cd748e05	original
lerobot/src/lerobot/datasets/feature_utils.py	lerobot/src/lerobot/datasets/feature_utils.py	17179	928369cff50f0d663a125abfc67683ccbae0e552ed2eb22edde9e6bcff2aef81	928369cff50f0d663a125abfc67683ccbae0e552ed2eb22edde9e6bcff2aef81	original
lerobot/src/lerobot/datasets/image_writer.py	lerobot/src/lerobot/datasets/image_writer.py	9852	54cad218c99caad105ea8738507ee87fc8c2858832d31aa5b21d324c97360631	54cad218c99caad105ea8738507ee87fc8c2858832d31aa5b21d324c97360631	original
lerobot/src/lerobot/datasets/io_utils.py	lerobot/src/lerobot/datasets/io_utils.py	13723	af08c7875f34f8469f80c4fd903af12971d6fa96c179be984887b93ef2f6f91c	af08c7875f34f8469f80c4fd903af12971d6fa96c179be984887b93ef2f6f91c	original
lerobot/src/lerobot/datasets/language.py	lerobot/src/lerobot/datasets/language.py	9567	7421ef2791833eb1ed958863a4c037e59197656e19003fe2c609a4978bcd2b2a	7421ef2791833eb1ed958863a4c037e59197656e19003fe2c609a4978bcd2b2a	original
lerobot/src/lerobot/datasets/language_render.py	lerobot/src/lerobot/datasets/language_render.py	19735	74ea24cd722f9634f7d72b3fced9b12ddb6b16dee4de8aba5421e50cc58e786b	74ea24cd722f9634f7d72b3fced9b12ddb6b16dee4de8aba5421e50cc58e786b	original
lerobot/src/lerobot/datasets/lerobot_dataset.py	lerobot/src/lerobot/datasets/lerobot_dataset.py	40180	da387f34291a659d27b5fad0f87372f243259ec4cb7f824d459fe414c293dd28	da387f34291a659d27b5fad0f87372f243259ec4cb7f824d459fe414c293dd28	original
lerobot/src/lerobot/datasets/multi_dataset.py	lerobot/src/lerobot/datasets/multi_dataset.py	9215	022b41031bd10d98747fd909336ec79ea94135375fa82c90eb1d2cb5e8774fd6	022b41031bd10d98747fd909336ec79ea94135375fa82c90eb1d2cb5e8774fd6	original
lerobot/src/lerobot/datasets/pipeline_features.py	lerobot/src/lerobot/datasets/pipeline_features.py	5913	22aa2280c860479cb27ddd67cafe725aed7e0b14407ea930ab924629462dba9d	22aa2280c860479cb27ddd67cafe725aed7e0b14407ea930ab924629462dba9d	original
lerobot/src/lerobot/datasets/pyav_utils.py	lerobot/src/lerobot/datasets/pyav_utils.py	8703	d53792b446936f08527b598a89a65fc2ca5c002d9bb14e63015206dae5830023	d53792b446936f08527b598a89a65fc2ca5c002d9bb14e63015206dae5830023	original
lerobot/src/lerobot/datasets/sampler.py	lerobot/src/lerobot/datasets/sampler.py	8565	f715aaaa1118ef8901928f92975f7bc08bca412860f072bbcca84555303cc38e	f715aaaa1118ef8901928f92975f7bc08bca412860f072bbcca84555303cc38e	original
lerobot/src/lerobot/datasets/streaming_dataset.py	lerobot/src/lerobot/datasets/streaming_dataset.py	30875	b0921d2d55f7c55cb9eb68bd23c04fbf1d44d1cfd0e906a364ca0e16e12b72db	b0921d2d55f7c55cb9eb68bd23c04fbf1d44d1cfd0e906a364ca0e16e12b72db	original
lerobot/src/lerobot/datasets/utils.py	lerobot/src/lerobot/datasets/utils.py	18333	488b713e643acaaa8c76cca8830ca71cb20584b4ceb3657a9396f81a20b3f83e	488b713e643acaaa8c76cca8830ca71cb20584b4ceb3657a9396f81a20b3f83e	original
lerobot/src/lerobot/datasets/video_utils.py	lerobot/src/lerobot/datasets/video_utils.py	53115	82d0ced8f3f9adc754d4388122b044d36f2feeadda28d4ddad933cead7cc54d1	82d0ced8f3f9adc754d4388122b044d36f2feeadda28d4ddad933cead7cc54d1	original
lerobot/src/lerobot/envs/__init__.py	lerobot/src/lerobot/envs/__init__.py	1570	744b8993c1442bb96d81734039c6a53db718bf6d790b1cfed2d7b0d8a034f3fc	744b8993c1442bb96d81734039c6a53db718bf6d790b1cfed2d7b0d8a034f3fc	original
lerobot/src/lerobot/envs/configs.py	lerobot/src/lerobot/envs/configs.py	33364	2d2eaa4ac0dafce60eaa7a1b819e5672d70457c5038b038d595cc35f50bee9a2	2d2eaa4ac0dafce60eaa7a1b819e5672d70457c5038b038d595cc35f50bee9a2	original
lerobot/src/lerobot/envs/factory.py	lerobot/src/lerobot/envs/factory.py	4957	920fa600589b6e9a62e0240efa6a03301a955c54e0ce1a4a06ea59e7391ef299	920fa600589b6e9a62e0240efa6a03301a955c54e0ce1a4a06ea59e7391ef299	original
lerobot/src/lerobot/envs/libero.py	lerobot/src/lerobot/envs/libero.py	20647	68c24e9a3bda42d660297ab36ac75eb91183764cba48975ef31c0191ec85d134	68c24e9a3bda42d660297ab36ac75eb91183764cba48975ef31c0191ec85d134	original
lerobot/src/lerobot/envs/metaworld.py	lerobot/src/lerobot/envs/metaworld.py	12710	1ad21109f2fcb6abbc8708a513a4e008b6a2e8a45e4693505a87afccfc70a147	1ad21109f2fcb6abbc8708a513a4e008b6a2e8a45e4693505a87afccfc70a147	original
lerobot/src/lerobot/envs/metaworld_config.json	lerobot/src/lerobot/envs/metaworld_config.json	7714	29a6eb981413975da05d37f0033b3c51b82fdf8d6350eb863d0c530a2b1c9b94	29a6eb981413975da05d37f0033b3c51b82fdf8d6350eb863d0c530a2b1c9b94	original
lerobot/src/lerobot/envs/robocasa.py	lerobot/src/lerobot/envs/robocasa.py	16543	04595f41dc153c202400bea7de0f0b1d9c9bceb4cb4f5ed4e57f5fc33f0e0994	04595f41dc153c202400bea7de0f0b1d9c9bceb4cb4f5ed4e57f5fc33f0e0994	original
lerobot/src/lerobot/envs/robomme.py	lerobot/src/lerobot/envs/robomme.py	8766	bd30ecaff096414c6b1813c37cdb8bba7a141505162ed022190ae6f83d626e2d	bd30ecaff096414c6b1813c37cdb8bba7a141505162ed022190ae6f83d626e2d	original
lerobot/src/lerobot/envs/robotwin.py	lerobot/src/lerobot/envs/robotwin.py	25395	e63e579d1b238090640593b1fbb7cac4668fe27dce2ac28d87f1da75a36bdd84	e63e579d1b238090640593b1fbb7cac4668fe27dce2ac28d87f1da75a36bdd84	original
lerobot/src/lerobot/envs/utils.py	lerobot/src/lerobot/envs/utils.py	15886	346ab55c1cd2348ad176501311497b57afb8f7e61469b9e3dd85b8e3f49166e1	346ab55c1cd2348ad176501311497b57afb8f7e61469b9e3dd85b8e3f49166e1	original
lerobot/src/lerobot/envs/vlabench.py	lerobot/src/lerobot/envs/vlabench.py	23789	b37159c0d7cb97db7344bbf7e92fb65faa32ab821c9c150e4ac7fd646df419ad	b37159c0d7cb97db7344bbf7e92fb65faa32ab821c9c150e4ac7fd646df419ad	original
lerobot/src/lerobot/jobs/__init__.py	lerobot/src/lerobot/jobs/__init__.py	949	3b4919fdedf7fb16604721c3be8e18e8a88d066ed9a4d2ed9f3b0879f20b81df	3b4919fdedf7fb16604721c3be8e18e8a88d066ed9a4d2ed9f3b0879f20b81df	original
lerobot/src/lerobot/jobs/dataset.py	lerobot/src/lerobot/jobs/dataset.py	2330	07d2b299d3a9321b27c5f3fcf68887bc2f0829bc9e415be7b2740a9476566e34	07d2b299d3a9321b27c5f3fcf68887bc2f0829bc9e415be7b2740a9476566e34	original
lerobot/src/lerobot/jobs/hf.py	lerobot/src/lerobot/jobs/hf.py	16867	abe0c3a5eb18e48b03d71c3b032d883ecfadb79ab4a1754f1f620d3bd2bbb520	abe0c3a5eb18e48b03d71c3b032d883ecfadb79ab4a1754f1f620d3bd2bbb520	original
lerobot/src/lerobot/model/__init__.py	lerobot/src/lerobot/model/__init__.py	746	d61bf54d9aa5796e99351c5b747621805426c16628433843de96d3f98dab8481	d61bf54d9aa5796e99351c5b747621805426c16628433843de96d3f98dab8481	original
lerobot/src/lerobot/model/kinematics.py	lerobot/src/lerobot/model/kinematics.py	5441	57b7b638a94967970fa750194253dde91cfee4ee14442c39461f61ac1d8e06d1	57b7b638a94967970fa750194253dde91cfee4ee14442c39461f61ac1d8e06d1	original
lerobot/src/lerobot/motors/__init__.py	lerobot/src/lerobot/motors/__init__.py	773	62eeea3be4a3f0e77dda40076e2420571dc3b3b564ae1f9f244811523d906fc4	62eeea3be4a3f0e77dda40076e2420571dc3b3b564ae1f9f244811523d906fc4	original
lerobot/src/lerobot/motors/calibration_gui.py	lerobot/src/lerobot/motors/calibration_gui.py	14295	ab3ec60f69fce544ca7adc8c71b77039d30f48153f1c72a4abe0918f6201cb0b	ab3ec60f69fce544ca7adc8c71b77039d30f48153f1c72a4abe0918f6201cb0b	original
lerobot/src/lerobot/motors/damiao/__init__.py	lerobot/src/lerobot/motors/damiao/__init__.py	767	b1d3255adaae35e2e4deff7ab1b52e69f09778da44e975d770cf3db36f4e0f23	b1d3255adaae35e2e4deff7ab1b52e69f09778da44e975d770cf3db36f4e0f23	original
lerobot/src/lerobot/motors/damiao/damiao.py	lerobot/src/lerobot/motors/damiao/damiao.py	33080	f2b3a470812b24b956cc3cb40c52aef64201bc93cf83e70316a95a1fb54d7d26	f2b3a470812b24b956cc3cb40c52aef64201bc93cf83e70316a95a1fb54d7d26	original
lerobot/src/lerobot/motors/damiao/tables.py	lerobot/src/lerobot/motors/damiao/tables.py	5351	3c2be95b29fe25e2bb4c28384271ecd595e6aa1f15197ea4a1aa97568461089b	3c2be95b29fe25e2bb4c28384271ecd595e6aa1f15197ea4a1aa97568461089b	original
lerobot/src/lerobot/motors/dynamixel/__init__.py	lerobot/src/lerobot/motors/dynamixel/__init__.py	858	cf352a3be07389dcdff5e95696682f7684a50105753bd08d285cee73a00f9f92	cf352a3be07389dcdff5e95696682f7684a50105753bd08d285cee73a00f9f92	original
lerobot/src/lerobot/motors/dynamixel/dynamixel.py	lerobot/src/lerobot/motors/dynamixel/dynamixel.py	11337	6dd0c14c99f7bbd60e202094539e620347004c18cc1f0a2ad3c1be7710d6a37f	6dd0c14c99f7bbd60e202094539e620347004c18cc1f0a2ad3c1be7710d6a37f	original
lerobot/src/lerobot/motors/dynamixel/tables.py	lerobot/src/lerobot/motors/dynamixel/tables.py	6049	65dfec2f2974411ed71b62dd28baa7ab4d4c1e5d94c60f2d56df4946e81734c1	65dfec2f2974411ed71b62dd28baa7ab4d4c1e5d94c60f2d56df4946e81734c1	original
lerobot/src/lerobot/motors/encoding_utils.py	lerobot/src/lerobot/motors/encoding_utils.py	2272	5285eb2b3f62399e95a2fa4b2fcab631bcad547124e8cc9b6a61525148bc924a	5285eb2b3f62399e95a2fa4b2fcab631bcad547124e8cc9b6a61525148bc924a	original
lerobot/src/lerobot/motors/feetech/__init__.py	lerobot/src/lerobot/motors/feetech/__init__.py	852	fbe4b7f74bc74cc22d97a641c7c71a1b51c95a5b48ec366a71ad15fc16c6f587	fbe4b7f74bc74cc22d97a641c7c71a1b51c95a5b48ec366a71ad15fc16c6f587	original
lerobot/src/lerobot/motors/feetech/feetech.py	lerobot/src/lerobot/motors/feetech/feetech.py	19643	0460413cd6a641cede015ac19ac53d2cfe9c343af1bd18ed74e1951229f64ff2	0460413cd6a641cede015ac19ac53d2cfe9c343af1bd18ed74e1951229f64ff2	original
lerobot/src/lerobot/motors/feetech/tables.py	lerobot/src/lerobot/motors/feetech/tables.py	7687	71f7f7beb17169781bd26a33b165ed4c5c3df7b9c477d36860f9d6011eb00428	71f7f7beb17169781bd26a33b165ed4c5c3df7b9c477d36860f9d6011eb00428	original
lerobot/src/lerobot/motors/motors_bus.py	lerobot/src/lerobot/motors/motors_bus.py	49919	de17f1fde2972b912dd7493831aa4c822310109d62ed3e29606f6ab3713e3004	de17f1fde2972b912dd7493831aa4c822310109d62ed3e29606f6ab3713e3004	original
lerobot/src/lerobot/motors/robstride/__init__.py	lerobot/src/lerobot/motors/robstride/__init__.py	776	555eda25ffadfad48d9063521a687439010fdf17b2962d534fa9374a0a6676ff	555eda25ffadfad48d9063521a687439010fdf17b2962d534fa9374a0a6676ff	original
lerobot/src/lerobot/motors/robstride/robstride.py	lerobot/src/lerobot/motors/robstride/robstride.py	43093	952aea5dbf02fa06de328c383804ca27567b56bf36e4c8e454b6bb65c475e23d	952aea5dbf02fa06de328c383804ca27567b56bf36e4c8e454b6bb65c475e23d	original
lerobot/src/lerobot/motors/robstride/tables.py	lerobot/src/lerobot/motors/robstride/tables.py	2717	83409b59ce4dcb0eb87d7950dea8b09fa9e3e63148a43f168350dea55f20a054	83409b59ce4dcb0eb87d7950dea8b09fa9e3e63148a43f168350dea55f20a054	original
lerobot/src/lerobot/optim/__init__.py	lerobot/src/lerobot/optim/__init__.py	1979	9242e3d8cd89d03604827473274e0f95d0ee945767769bd119c464d95715305d	9242e3d8cd89d03604827473274e0f95d0ee945767769bd119c464d95715305d	original
lerobot/src/lerobot/optim/factory.py	lerobot/src/lerobot/optim/factory.py	1768	c4e1f98b36f9e20bf57458044c24fd088de45b008aeed43ca531d850c7fc98f7	c4e1f98b36f9e20bf57458044c24fd088de45b008aeed43ca531d850c7fc98f7	original
lerobot/src/lerobot/optim/optimizers.py	lerobot/src/lerobot/optim/optimizers.py	14954	9b028586c0c2f9b07693bcb42df0dd0719388f439a8bfb764e6ebfd01faf1aea	9b028586c0c2f9b07693bcb42df0dd0719388f439a8bfb764e6ebfd01faf1aea	original
lerobot/src/lerobot/optim/schedulers.py	lerobot/src/lerobot/optim/schedulers.py	7453	05d57770348fbb3f412f52804a8d0f015f8128a37c55d5ce8ed9af6ed8522bc9	05d57770348fbb3f412f52804a8d0f015f8128a37c55d5ce8ed9af6ed8522bc9	original
lerobot/src/lerobot/policies/__init__.py	lerobot/src/lerobot/policies/__init__.py	3235	3b9ca3920fc536e8f69ee73cde7465501e84d940370882398611957e2f4b4b5d	3b9ca3920fc536e8f69ee73cde7465501e84d940370882398611957e2f4b4b5d	original
lerobot/src/lerobot/policies/act/README.md	lerobot/src/lerobot/policies/act/README.md	319	146d6951776b64e59dc001ea3b0a899c69d3556dab58ae890f6cf2c34764e0d2	146d6951776b64e59dc001ea3b0a899c69d3556dab58ae890f6cf2c34764e0d2	original
lerobot/src/lerobot/policies/act/__init__.py	lerobot/src/lerobot/policies/act/__init__.py	815	d0bc26699649050526405ca5fe331769a89d803d93ac847de9f34b57c8b1c863	d0bc26699649050526405ca5fe331769a89d803d93ac847de9f34b57c8b1c863	original
lerobot/src/lerobot/policies/act/configuration_act.py	lerobot/src/lerobot/policies/act/configuration_act.py	8697	35a60c0dd3c811b137b5eb035bdbd40d40e2c24ba0cda61756052e6e1c829282	35a60c0dd3c811b137b5eb035bdbd40d40e2c24ba0cda61756052e6e1c829282	original
lerobot/src/lerobot/policies/act/modeling_act.py	lerobot/src/lerobot/policies/act/modeling_act.py	35084	a6c1a49c5daafa513b9abee9b986205d327e25c70ed13623ab2e6c0ab6b1f577	a6c1a49c5daafa513b9abee9b986205d327e25c70ed13623ab2e6c0ab6b1f577	original
lerobot/src/lerobot/policies/act/processor_act.py	lerobot/src/lerobot/policies/act/processor_act.py	3253	2bff84913c264eba5c2e65239d685ca1b497c1d9d2259958da293ec604b5830a	2bff84913c264eba5c2e65239d685ca1b497c1d9d2259958da293ec604b5830a	original
lerobot/src/lerobot/policies/diffusion/README.md	lerobot/src/lerobot/policies/diffusion/README.md	410	0cae7913f1322708cd024ebc0bd07f4736ca2ba3bf52cdcc3a90999f76116b5e	0cae7913f1322708cd024ebc0bd07f4736ca2ba3bf52cdcc3a90999f76116b5e	original
lerobot/src/lerobot/policies/diffusion/__init__.py	lerobot/src/lerobot/policies/diffusion/__init__.py	869	ca07c649c6160418f7046e73e1fc64c9860736d860fe6f1699cf31dd22f6098b	ca07c649c6160418f7046e73e1fc64c9860736d860fe6f1699cf31dd22f6098b	original
lerobot/src/lerobot/policies/diffusion/configuration_diffusion.py	lerobot/src/lerobot/policies/diffusion/configuration_diffusion.py	13245	e5ef7d17ef1a8cdcc14482575c5f88f19c7bb691deb7170343ecfbc0a045d80c	e5ef7d17ef1a8cdcc14482575c5f88f19c7bb691deb7170343ecfbc0a045d80c	original
lerobot/src/lerobot/policies/diffusion/modeling_diffusion.py	lerobot/src/lerobot/policies/diffusion/modeling_diffusion.py	34659	1c0f91713b2b20b9d128b9335fd12334a9f9e8e53001411484feca559aace874	1c0f91713b2b20b9d128b9335fd12334a9f9e8e53001411484feca559aace874	original
lerobot/src/lerobot/policies/diffusion/processor_diffusion.py	lerobot/src/lerobot/policies/diffusion/processor_diffusion.py	3397	6f08100aaabf458d6345e2d7311e64410adbf97025ef6bf557d0fc9cc8acdc5c	6f08100aaabf458d6345e2d7311e64410adbf97025ef6bf557d0fc9cc8acdc5c	original
lerobot/src/lerobot/policies/eo1/README.md	lerobot/src/lerobot/policies/eo1/README.md	7448	c45967c5b037684b9930ae5931249b03f1ea9b5ce9ece3a5eb4250952b54379c	c45967c5b037684b9930ae5931249b03f1ea9b5ce9ece3a5eb4250952b54379c	original
lerobot/src/lerobot/policies/eo1/__init__.py	lerobot/src/lerobot/policies/eo1/__init__.py	226	9e29a456732313203610af5123eabf7f2509fa68ea6a997fb34d7a1d71d17df8	9e29a456732313203610af5123eabf7f2509fa68ea6a997fb34d7a1d71d17df8	original
lerobot/src/lerobot/policies/eo1/configuration_eo1.py	lerobot/src/lerobot/policies/eo1/configuration_eo1.py	7351	233acee0ab89bb16ae772f224ae0493b1e4f024985428c30d709e0632765fbd4	233acee0ab89bb16ae772f224ae0493b1e4f024985428c30d709e0632765fbd4	original
lerobot/src/lerobot/policies/eo1/modeling_eo1.py	lerobot/src/lerobot/policies/eo1/modeling_eo1.py	25256	b9850d12cf12aa623f76d69f5a79f13c64737006267d8baa8e5828c45b04b29d	b9850d12cf12aa623f76d69f5a79f13c64737006267d8baa8e5828c45b04b29d	original
lerobot/src/lerobot/policies/eo1/processor_eo1.py	lerobot/src/lerobot/policies/eo1/processor_eo1.py	10939	172f7e62b07f1eee543389b982d9312211ab64e562d8ff4c87c803e319a01294	172f7e62b07f1eee543389b982d9312211ab64e562d8ff4c87c803e319a01294	original
lerobot/src/lerobot/policies/evo1/README.md	lerobot/src/lerobot/policies/evo1/README.md	488	6ca7edefc9d3220d242c420b0e2cf3e02037693bbd6b3b5953964b99c33ba545	6ca7edefc9d3220d242c420b0e2cf3e02037693bbd6b3b5953964b99c33ba545	original
lerobot/src/lerobot/policies/evo1/__init__.py	lerobot/src/lerobot/policies/evo1/__init__.py	824	acb52744fed3005f999ef1d15846398b5246ac35458ea374200df3a57f0a2c43	acb52744fed3005f999ef1d15846398b5246ac35458ea374200df3a57f0a2c43	original
lerobot/src/lerobot/policies/evo1/configuration_evo1.py	lerobot/src/lerobot/policies/evo1/configuration_evo1.py	10321	c87a6d0de041440245c89e974bcdd32e0985d54fb912b5b538bbe325bd222658	c87a6d0de041440245c89e974bcdd32e0985d54fb912b5b538bbe325bd222658	original
lerobot/src/lerobot/policies/evo1/evo1_model.py	lerobot/src/lerobot/policies/evo1/evo1_model.py	8475	572073a68e71fd3e27acde538282cf9885542a8351f8322b00461200684aadd7	572073a68e71fd3e27acde538282cf9885542a8351f8322b00461200684aadd7	original
lerobot/src/lerobot/policies/evo1/flow_matching.py	lerobot/src/lerobot/policies/evo1/flow_matching.py	20301	e77ca0a15bb5a6b91709af630afeb124feabc8dbd1b297b948550c4f6d802ab3	e77ca0a15bb5a6b91709af630afeb124feabc8dbd1b297b948550c4f6d802ab3	original
lerobot/src/lerobot/policies/evo1/internvl3_embedder.py	lerobot/src/lerobot/policies/evo1/internvl3_embedder.py	16664	c523d814c2effc432c961ef7d1bf786b7a8d3968ed6809e4637aaac7204a56b4	c523d814c2effc432c961ef7d1bf786b7a8d3968ed6809e4637aaac7204a56b4	original
lerobot/src/lerobot/policies/evo1/modeling_evo1.py	lerobot/src/lerobot/policies/evo1/modeling_evo1.py	22804	7b4a62bda64c7a05a6e85a5b5582428c71d0e77ae07a27a8b5179119f4b4d828	7b4a62bda64c7a05a6e85a5b5582428c71d0e77ae07a27a8b5179119f4b4d828	original
lerobot/src/lerobot/policies/evo1/processor_evo1.py	lerobot/src/lerobot/policies/evo1/processor_evo1.py	15330	e50fc68bceb6593e186b83e9fe7b8bda1372364abe581290c8227116d58bd79d	e50fc68bceb6593e186b83e9fe7b8bda1372364abe581290c8227116d58bd79d	original
lerobot/src/lerobot/policies/factory.py	lerobot/src/lerobot/policies/factory.py	28328	7d8a74352cb8691bd59de44a478b6f3a2bbe212583fdb04a5c19b669311b4ebe	7d8a74352cb8691bd59de44a478b6f3a2bbe212583fdb04a5c19b669311b4ebe	original
lerobot/src/lerobot/policies/fastwam/README.md	lerobot/src/lerobot/policies/fastwam/README.md	1919	7f53630119fed88f25541827b98f267f4cba43af1bc1224076936b81f9ed9017	7f53630119fed88f25541827b98f267f4cba43af1bc1224076936b81f9ed9017	original
lerobot/src/lerobot/policies/fastwam/__init__.py	lerobot/src/lerobot/policies/fastwam/__init__.py	866	d27feeba8d4e491e0610511e4bbfdb5fb997f5ce44e99eb328ef4d9fa9a57e5e	d27feeba8d4e491e0610511e4bbfdb5fb997f5ce44e99eb328ef4d9fa9a57e5e	original
lerobot/src/lerobot/policies/fastwam/configuration_fastwam.py	lerobot/src/lerobot/policies/fastwam/configuration_fastwam.py	17348	3379c1d6a64df842d9607b30e0b4bb34538828bdde00b4bbed1ef6e61e91ec9f	3379c1d6a64df842d9607b30e0b4bb34538828bdde00b4bbed1ef6e61e91ec9f	original
lerobot/src/lerobot/policies/fastwam/modeling_fastwam.py	lerobot/src/lerobot/policies/fastwam/modeling_fastwam.py	20323	d6166071e47f4b2cc2547fd930ded282755d43c4f80000e66abf2b18d490d532	d6166071e47f4b2cc2547fd930ded282755d43c4f80000e66abf2b18d490d532	original
lerobot/src/lerobot/policies/fastwam/processor_fastwam.py	lerobot/src/lerobot/policies/fastwam/processor_fastwam.py	5845	7d30591d5a29c227815479aa321e9f8bfaafae8bf85e2f0f12cdb9604a7c05e8	7d30591d5a29c227815479aa321e9f8bfaafae8bf85e2f0f12cdb9604a7c05e8	original
lerobot/src/lerobot/policies/fastwam/wan/README.md	lerobot/src/lerobot/policies/fastwam/wan/README.md	1541	3e2f4349d0fd70277cc452d6fdeeb66425ed8538bd78c0629168bab6225d9d50	3e2f4349d0fd70277cc452d6fdeeb66425ed8538bd78c0629168bab6225d9d50	original
lerobot/src/lerobot/policies/fastwam/wan/__init__.py	lerobot/src/lerobot/policies/fastwam/wan/__init__.py	1044	c6784d4796877bb54affcac618d2edae3a5eccd00fdf3c924515d28e760bf3eb	c6784d4796877bb54affcac618d2edae3a5eccd00fdf3c924515d28e760bf3eb	original
lerobot/src/lerobot/policies/fastwam/wan/adapters.py	lerobot/src/lerobot/policies/fastwam/wan/adapters.py	4456	989604e1734a34e46a8905dd243b21de95ec7fb2d323d80b3437a1c41cc63ca8	989604e1734a34e46a8905dd243b21de95ec7fb2d323d80b3437a1c41cc63ca8	original
lerobot/src/lerobot/policies/fastwam/wan/components.py	lerobot/src/lerobot/policies/fastwam/wan/components.py	6261	42c49cddf1848993e6defa9a7c6a7fe8f57f520ba1fc520dd3568c93c99adc2a	42c49cddf1848993e6defa9a7c6a7fe8f57f520ba1fc520dd3568c93c99adc2a	original
lerobot/src/lerobot/policies/fastwam/wan/model.py	lerobot/src/lerobot/policies/fastwam/wan/model.py	12313	17df8b01f5e35ff8ab8445b44c823ee03a6daea4d90285be8b0c5dc9a022c64d	17df8b01f5e35ff8ab8445b44c823ee03a6daea4d90285be8b0c5dc9a022c64d	original
lerobot/src/lerobot/policies/fastwam/wan/modular.py	lerobot/src/lerobot/policies/fastwam/wan/modular.py	81303	fa08022a8bce0a858ee60b55fe45f31fb6fb9abb9f9ada927840a4bd4a7effa6	fa08022a8bce0a858ee60b55fe45f31fb6fb9abb9f9ada927840a4bd4a7effa6	original
lerobot/src/lerobot/policies/fastwam/wan/video_dit.py	lerobot/src/lerobot/policies/fastwam/wan/video_dit.py	32900	b03651ad411e23a2fcb1451f6e93ab6d01e9812d508c8bbb22aef7aa575a28bb	b03651ad411e23a2fcb1451f6e93ab6d01e9812d508c8bbb22aef7aa575a28bb	original
lerobot/src/lerobot/policies/gaussian_actor/__init__.py	lerobot/src/lerobot/policies/gaussian_actor/__init__.py	910	5f8e1db8e375b393f8721d856832f2247117de6026538e554424d76dfec75741	5f8e1db8e375b393f8721d856832f2247117de6026538e554424d76dfec75741	original
lerobot/src/lerobot/policies/gaussian_actor/configuration_gaussian_actor.py	lerobot/src/lerobot/policies/gaussian_actor/configuration_gaussian_actor.py	7859	426446b3ac11f8f3c0dd1b4ab1886c98c643e44d26b719ae21ddb0cab409cbba	426446b3ac11f8f3c0dd1b4ab1886c98c643e44d26b719ae21ddb0cab409cbba	original
lerobot/src/lerobot/policies/gaussian_actor/modeling_gaussian_actor.py	lerobot/src/lerobot/policies/gaussian_actor/modeling_gaussian_actor.py	24865	b674cb149fc6c2502a578431053afae6cb9ca3ff3acefe46bd60fb2f908b07d5	b674cb149fc6c2502a578431053afae6cb9ca3ff3acefe46bd60fb2f908b07d5	original
lerobot/src/lerobot/policies/gaussian_actor/processor_gaussian_actor.py	lerobot/src/lerobot/policies/gaussian_actor/processor_gaussian_actor.py	3302	9a384d281a2e9d6ce1453b7ee9b56c9018e057c4175f96e151b714eaeb14a643	9a384d281a2e9d6ce1453b7ee9b56c9018e057c4175f96e151b714eaeb14a643	original
lerobot/src/lerobot/policies/groot/README.md	lerobot/src/lerobot/policies/groot/README.md	7247	10b51776cdaa7449099398723af38480fdf4f4cc8568336e39233f3f5c04b37f	10b51776cdaa7449099398723af38480fdf4f4cc8568336e39233f3f5c04b37f	original
lerobot/src/lerobot/policies/groot/__init__.py	lerobot/src/lerobot/policies/groot/__init__.py	867	40411dc2b519d34f96cd68bed78817d98f10905778eea58a18a0d539ce2cd79d	40411dc2b519d34f96cd68bed78817d98f10905778eea58a18a0d539ce2cd79d	original
lerobot/src/lerobot/policies/groot/action_head/__init__.py	lerobot/src/lerobot/policies/groot/action_head/__init__.py	704	50d4e230c4d2b54e6330df8362d92fbd50e728409c56dd03ea261c6cff611720	50d4e230c4d2b54e6330df8362d92fbd50e728409c56dd03ea261c6cff611720	original
lerobot/src/lerobot/policies/groot/action_head/cross_attention_dit.py	lerobot/src/lerobot/policies/groot/action_head/cross_attention_dit.py	17340	477fc82368fb6dbaf33ce6b0be79caa42ec4d4f3acf10ab72ad3e2c193420ac9	477fc82368fb6dbaf33ce6b0be79caa42ec4d4f3acf10ab72ad3e2c193420ac9	original
lerobot/src/lerobot/policies/groot/configuration_groot.py	lerobot/src/lerobot/policies/groot/configuration_groot.py	23008	f1c26db2a5ea5885a981687ba1b6980efd5534ee1ec6f75cb016260f39acf64d	f1c26db2a5ea5885a981687ba1b6980efd5534ee1ec6f75cb016260f39acf64d	original
lerobot/src/lerobot/policies/groot/groot_n1_7.py	lerobot/src/lerobot/policies/groot/groot_n1_7.py	39208	eb6ebb45c7aa701ae46c510638fdefd6e7d1b591e2ac6b223cdfaa82c568e707	eb6ebb45c7aa701ae46c510638fdefd6e7d1b591e2ac6b223cdfaa82c568e707	original
lerobot/src/lerobot/policies/groot/modeling_groot.py	lerobot/src/lerobot/policies/groot/modeling_groot.py	22015	a14c2d0b3a77efaddcee66b62ca5c319d2a2220b51231cadf4da221746de32b9	a14c2d0b3a77efaddcee66b62ca5c319d2a2220b51231cadf4da221746de32b9	original
lerobot/src/lerobot/policies/groot/processor_groot.py	lerobot/src/lerobot/policies/groot/processor_groot.py	112417	e6ee08e9705d83f889a39f8c801a45100bc44e359c38438bd2587149663a027f	e6ee08e9705d83f889a39f8c801a45100bc44e359c38438bd2587149663a027f	original
lerobot/src/lerobot/policies/groot/utils.py	lerobot/src/lerobot/policies/groot/utils.py	9425	d6599f2e1a3648a60aa41b2f2169627514231d07d67e5db81b48f4a3a3916f5b	d6599f2e1a3648a60aa41b2f2169627514231d07d67e5db81b48f4a3a3916f5b	original
lerobot/src/lerobot/policies/lingbot_va/README.md	lerobot/src/lerobot/policies/lingbot_va/README.md	10296	ad3218945c90b80470d11d2ab936ffca03a6259af0234cb2e60fec3c686056fb	ad3218945c90b80470d11d2ab936ffca03a6259af0234cb2e60fec3c686056fb	original
lerobot/src/lerobot/policies/lingbot_va/__init__.py	lerobot/src/lerobot/policies/lingbot_va/__init__.py	897	703fed8855d1f3ff8cad90fd104ef3820f4b6e4d6f90461c0a7f42e7ff0345b2	703fed8855d1f3ff8cad90fd104ef3820f4b6e4d6f90461c0a7f42e7ff0345b2	original
lerobot/src/lerobot/policies/lingbot_va/configuration_lingbot_va.py	lerobot/src/lerobot/policies/lingbot_va/configuration_lingbot_va.py	7195	723b8c55e4fb29f1350e5d6ed82c4fad80f482e34032d62b39122598a3522b5f	723b8c55e4fb29f1350e5d6ed82c4fad80f482e34032d62b39122598a3522b5f	original
lerobot/src/lerobot/policies/lingbot_va/modeling_lingbot_va.py	lerobot/src/lerobot/policies/lingbot_va/modeling_lingbot_va.py	41362	59d29e8801b584a8e0fa667e44719bfdf03b33c41ec2b86859d56421170392d6	59d29e8801b584a8e0fa667e44719bfdf03b33c41ec2b86859d56421170392d6	original
lerobot/src/lerobot/policies/lingbot_va/processor_lingbot_va.py	lerobot/src/lerobot/policies/lingbot_va/processor_lingbot_va.py	3136	24371606a8ccdc374c22cf269bebac1ba13904270041bf17576a18d961be5596	24371606a8ccdc374c22cf269bebac1ba13904270041bf17576a18d961be5596	original
lerobot/src/lerobot/policies/lingbot_va/utils.py	lerobot/src/lerobot/policies/lingbot_va/utils.py	45500	fb6e66f558a1013998648158a0e33f8ba15037e48cd2f7c8877ac38c389c9c1b	fb6e66f558a1013998648158a0e33f8ba15037e48cd2f7c8877ac38c389c9c1b	original
lerobot/src/lerobot/policies/molmoact2/README.md	lerobot/src/lerobot/policies/molmoact2/README.md	22451	39f4abce7b6b7dad01acdaacf00da58424aeb5ce818168ef0a25e59d7077bd48	39f4abce7b6b7dad01acdaacf00da58424aeb5ce818168ef0a25e59d7077bd48	original
lerobot/src/lerobot/policies/molmoact2/__init__.py	lerobot/src/lerobot/policies/molmoact2/__init__.py	921	964eceb8042133545f5f91cd4d23dde6b1824b7941d2b09fd9ff406301d825f7	964eceb8042133545f5f91cd4d23dde6b1824b7941d2b09fd9ff406301d825f7	original
lerobot/src/lerobot/policies/molmoact2/configuration_molmoact2.py	lerobot/src/lerobot/policies/molmoact2/configuration_molmoact2.py	11404	ec7dd3bb0cf8d87f0af7bcca2c391ffe81057e4c53ec386fd27179037c69b93a	ec7dd3bb0cf8d87f0af7bcca2c391ffe81057e4c53ec386fd27179037c69b93a	original
lerobot/src/lerobot/policies/molmoact2/modeling_molmoact2.py	lerobot/src/lerobot/policies/molmoact2/modeling_molmoact2.py	76317	4d84ff400c7f58340d91284d4298a2ba13e81aba3e6dfda96ef22fc8a7c5899a	4d84ff400c7f58340d91284d4298a2ba13e81aba3e6dfda96ef22fc8a7c5899a	original
lerobot/src/lerobot/policies/molmoact2/molmoact2_hf_model/__init__.py	lerobot/src/lerobot/policies/molmoact2/molmoact2_hf_model/__init__.py	663	56d2ad0c79feb6bafd187fa36bec41652e44e5e2169a0452579651bb05bfff7d	56d2ad0c79feb6bafd187fa36bec41652e44e5e2169a0452579651bb05bfff7d	original
lerobot/src/lerobot/policies/molmoact2/molmoact2_hf_model/action_tokenizer.py	lerobot/src/lerobot/policies/molmoact2/molmoact2_hf_model/action_tokenizer.py	8628	9c770cd8d3ab89ababfe031c0db9ae698379e247783dbd4c37ee3fc21cccd3b6	9c770cd8d3ab89ababfe031c0db9ae698379e247783dbd4c37ee3fc21cccd3b6	original
lerobot/src/lerobot/policies/molmoact2/molmoact2_hf_model/configuration_molmoact2.py	lerobot/src/lerobot/policies/molmoact2/molmoact2_hf_model/configuration_molmoact2.py	21269	e5684e6d336578a35ab1bb7071e5b7b8333a1c9fb5f83d928f36855836c6a189	e5684e6d336578a35ab1bb7071e5b7b8333a1c9fb5f83d928f36855836c6a189	original
lerobot/src/lerobot/policies/molmoact2/molmoact2_hf_model/image_processing_molmoact2.py	lerobot/src/lerobot/policies/molmoact2/molmoact2_hf_model/image_processing_molmoact2.py	23056	9e71e5482ea7c88a19fcb29a270b83b3b37e8b288f7ceb152d5976c34567ff81	9e71e5482ea7c88a19fcb29a270b83b3b37e8b288f7ceb152d5976c34567ff81	original
lerobot/src/lerobot/policies/molmoact2/molmoact2_hf_model/inference.py	lerobot/src/lerobot/policies/molmoact2/molmoact2_hf_model/inference.py	26141	2d9e44c76985aa75286ceab611580ab19372144ed2db0eec0f99ea5d720fce3e	2d9e44c76985aa75286ceab611580ab19372144ed2db0eec0f99ea5d720fce3e	original
lerobot/src/lerobot/policies/molmoact2/molmoact2_hf_model/modeling_molmoact2.py	lerobot/src/lerobot/policies/molmoact2/molmoact2_hf_model/modeling_molmoact2.py	188833	47ca1502eeaadf48c1ffa73a4aec3b749fe750dc6b53450053df2b38c29d85e9	47ca1502eeaadf48c1ffa73a4aec3b749fe750dc6b53450053df2b38c29d85e9	original
lerobot/src/lerobot/policies/molmoact2/molmoact2_hf_model/processing_molmoact2.py	lerobot/src/lerobot/policies/molmoact2/molmoact2_hf_model/processing_molmoact2.py	17912	36a56458e7181c13ed3a0c5a5e9680a02fe7cca7bbfb2dbb21427cc8a631ae53	36a56458e7181c13ed3a0c5a5e9680a02fe7cca7bbfb2dbb21427cc8a631ae53	original
lerobot/src/lerobot/policies/molmoact2/molmoact2_hf_model/video_processing_molmoact2.py	lerobot/src/lerobot/policies/molmoact2/molmoact2_hf_model/video_processing_molmoact2.py	37932	598f03a88d4b9b135e3bb2cf7584a54f23882a9e3f62a6ec6ba90f549bf79845	598f03a88d4b9b135e3bb2cf7584a54f23882a9e3f62a6ec6ba90f549bf79845	original
lerobot/src/lerobot/policies/molmoact2/processor_molmoact2.py	lerobot/src/lerobot/policies/molmoact2/processor_molmoact2.py	50402	f84bef91837f71eec5682db82183e77c96d58e8e896d9921211d758bfb11d75d	f84bef91837f71eec5682db82183e77c96d58e8e896d9921211d758bfb11d75d	original
lerobot/src/lerobot/policies/multi_task_dit/README.md	lerobot/src/lerobot/policies/multi_task_dit/README.md	1131	cd410977ac83ccb43e363f97aae8a86363295a565f6e67c5f4b609c213cdfcc5	cd410977ac83ccb43e363f97aae8a86363295a565f6e67c5f4b609c213cdfcc5	original
lerobot/src/lerobot/policies/multi_task_dit/__init__.py	lerobot/src/lerobot/policies/multi_task_dit/__init__.py	946	898e6a9e6bc58568e97bb061d7db23e661f334d1f160f7678389c9d5029ba6b5	898e6a9e6bc58568e97bb061d7db23e661f334d1f160f7678389c9d5029ba6b5	original
lerobot/src/lerobot/policies/multi_task_dit/configuration_multi_task_dit.py	lerobot/src/lerobot/policies/multi_task_dit/configuration_multi_task_dit.py	11621	f8b798b06daa5e3086a6865710f5945c608622872c648584eed13cc7a8b3f83d	f8b798b06daa5e3086a6865710f5945c608622872c648584eed13cc7a8b3f83d	original
lerobot/src/lerobot/policies/multi_task_dit/modeling_multi_task_dit.py	lerobot/src/lerobot/policies/multi_task_dit/modeling_multi_task_dit.py	31042	ba4a3839eddb88bfee062e2e1b89033c7cff42b5f717bc34bfabc3d48fee7f0e	ba4a3839eddb88bfee062e2e1b89033c7cff42b5f717bc34bfabc3d48fee7f0e	original
lerobot/src/lerobot/policies/multi_task_dit/processor_multi_task_dit.py	lerobot/src/lerobot/policies/multi_task_dit/processor_multi_task_dit.py	3839	9f00a57698f2dd0c22a9d3519e55816eb5b098d54ae33f55393edeb33aa9f0b8	9f00a57698f2dd0c22a9d3519e55816eb5b098d54ae33f55393edeb33aa9f0b8	original
lerobot/src/lerobot/policies/pi0/README.md	lerobot/src/lerobot/policies/pi0/README.md	4788	425032c8bb3fed096eda45e032d6ded6a3d8bd431d19d8bacc8b00d479aa487e	425032c8bb3fed096eda45e032d6ded6a3d8bd431d19d8bacc8b00d479aa487e	original
lerobot/src/lerobot/policies/pi0/__init__.py	lerobot/src/lerobot/policies/pi0/__init__.py	864	22eadfdca8b5dee11b8fff07cb8a9093bc9374b85c18c7794e46b00043f4a47b	22eadfdca8b5dee11b8fff07cb8a9093bc9374b85c18c7794e46b00043f4a47b	original
lerobot/src/lerobot/policies/pi0/configuration_pi0.py	lerobot/src/lerobot/policies/pi0/configuration_pi0.py	6810	1c8a29acb69a8a6ad87be3e1a273a29089293779aa7e16f75efbde93d399d20d	1c8a29acb69a8a6ad87be3e1a273a29089293779aa7e16f75efbde93d399d20d	original
lerobot/src/lerobot/policies/pi0/modeling_pi0.py	lerobot/src/lerobot/policies/pi0/modeling_pi0.py	53940	1b90671ff73b3802fc921a3d73bc373a9d03e4d5d452870dbdaf33df71311cf6	1b90671ff73b3802fc921a3d73bc373a9d03e4d5d452870dbdaf33df71311cf6	original
lerobot/src/lerobot/policies/pi0/processor_pi0.py	lerobot/src/lerobot/policies/pi0/processor_pi0.py	6741	829c02ddf9d95cb522fafd45c69ba63a2ec35b047cf1103ea1a7ceebe36de502	829c02ddf9d95cb522fafd45c69ba63a2ec35b047cf1103ea1a7ceebe36de502	original
lerobot/src/lerobot/policies/pi05/README.md	lerobot/src/lerobot/policies/pi05/README.md	4672	b049a73d6fc826357d051b1ae5f98affa85dc03ae06ca94400084af069dc4e5c	b049a73d6fc826357d051b1ae5f98affa85dc03ae06ca94400084af069dc4e5c	original
lerobot/src/lerobot/policies/pi05/__init__.py	lerobot/src/lerobot/policies/pi05/__init__.py	873	e70e27782532c2f871bf3fd812e43f796c11eb8193ff481dbeb4b2ef4a31b197	e70e27782532c2f871bf3fd812e43f796c11eb8193ff481dbeb4b2ef4a31b197	original
lerobot/src/lerobot/policies/pi05/configuration_pi05.py	lerobot/src/lerobot/policies/pi05/configuration_pi05.py	6885	a8b80f54ffe98993529d8013b1f8ddde4289a71b5c6a5e41d7346ac7622da6a6	a8b80f54ffe98993529d8013b1f8ddde4289a71b5c6a5e41d7346ac7622da6a6	original
lerobot/src/lerobot/policies/pi05/modeling_pi05.py	lerobot/src/lerobot/policies/pi05/modeling_pi05.py	53118	006fee5765b235dd66c55f16d78a1e296dc320667a02608c68a057d72d70bde0	006fee5765b235dd66c55f16d78a1e296dc320667a02608c68a057d72d70bde0	original
lerobot/src/lerobot/policies/pi05/processor_pi05.py	lerobot/src/lerobot/policies/pi05/processor_pi05.py	7049	2e6e66bccea03ae3810667d1806386589a70f440abe4e21e24bf38333c788066	2e6e66bccea03ae3810667d1806386589a70f440abe4e21e24bf38333c788066	original
lerobot/src/lerobot/policies/pi0_fast/__init__.py	lerobot/src/lerobot/policies/pi0_fast/__init__.py	905	92a84e39e2b016b5cba452765d3408047c82beeeed6612b7c474c51a97b80d7e	92a84e39e2b016b5cba452765d3408047c82beeeed6612b7c474c51a97b80d7e	original
lerobot/src/lerobot/policies/pi0_fast/configuration_pi0_fast.py	lerobot/src/lerobot/policies/pi0_fast/configuration_pi0_fast.py	6603	daeade302eac3f45b8b11c13c6dd3ff8a07993065cb969230767b8f993d0e2f2	daeade302eac3f45b8b11c13c6dd3ff8a07993065cb969230767b8f993d0e2f2	original
lerobot/src/lerobot/policies/pi0_fast/modeling_pi0_fast.py	lerobot/src/lerobot/policies/pi0_fast/modeling_pi0_fast.py	54643	765b496e0ba9f012d33e1a782303692c34bb1307fcba87276368cb4eb118e5fa	765b496e0ba9f012d33e1a782303692c34bb1307fcba87276368cb4eb118e5fa	original
lerobot/src/lerobot/policies/pi0_fast/processor_pi0_fast.py	lerobot/src/lerobot/policies/pi0_fast/processor_pi0_fast.py	7861	c87d0824769f93839e6a5a7887b9056b95f64c5b26d0ae9c4cc2e911789a539d	c87d0824769f93839e6a5a7887b9056b95f64c5b26d0ae9c4cc2e911789a539d	original
lerobot/src/lerobot/policies/pi_gemma.py	lerobot/src/lerobot/policies/pi_gemma.py	13656	c8acd41f8889af6c56713432929608f6681e764a7288c498e092bd308bb848e0	c8acd41f8889af6c56713432929608f6681e764a7288c498e092bd308bb848e0	original
lerobot/src/lerobot/policies/pretrained.py	lerobot/src/lerobot/policies/pretrained.py	21466	93a0cefd1dccfa3f9715a65f70654617bc37fb278847aa36095923def57adda5	93a0cefd1dccfa3f9715a65f70654617bc37fb278847aa36095923def57adda5	original
lerobot/src/lerobot/policies/rtc/README.md	lerobot/src/lerobot/policies/rtc/README.md	1208	5a00a77a749a9bf9d0b6d2bd2f21005f159cbdb136db042165223fc0d1311a18	5a00a77a749a9bf9d0b6d2bd2f21005f159cbdb136db042165223fc0d1311a18	original
lerobot/src/lerobot/policies/rtc/__init__.py	lerobot/src/lerobot/policies/rtc/__init__.py	1104	8bb79cf9a00673f29ec58f12591d7876b1fea4fa1e255d69b5f4a2c6eab748da	8bb79cf9a00673f29ec58f12591d7876b1fea4fa1e255d69b5f4a2c6eab748da	original
lerobot/src/lerobot/policies/rtc/action_interpolator.py	lerobot/src/lerobot/policies/rtc/action_interpolator.py	189	e1611b326718c733689fb253847dbfaff53cc69e15fa10f372809b94f483ffd9	e1611b326718c733689fb253847dbfaff53cc69e15fa10f372809b94f483ffd9	original
lerobot/src/lerobot/policies/rtc/action_queue.py	lerobot/src/lerobot/policies/rtc/action_queue.py	9104	6a6624d44dca552ef65250b82b68701d332d8b0399b017cdcb204d61ad3f00cd	6a6624d44dca552ef65250b82b68701d332d8b0399b017cdcb204d61ad3f00cd	original
lerobot/src/lerobot/policies/rtc/configuration_rtc.py	lerobot/src/lerobot/policies/rtc/configuration_rtc.py	1871	9dcccb3288ad9f08cbc10acc6371b2140bf029d3f789dd897bbdf4a0f21b8798	9dcccb3288ad9f08cbc10acc6371b2140bf029d3f789dd897bbdf4a0f21b8798	original
lerobot/src/lerobot/policies/rtc/debug_tracker.py	lerobot/src/lerobot/policies/rtc/debug_tracker.py	9426	8463c4adceb9629c5ce580d5969a593091c936de779c02773a9a0b2563621921	8463c4adceb9629c5ce580d5969a593091c936de779c02773a9a0b2563621921	original
lerobot/src/lerobot/policies/rtc/debug_visualizer.py	lerobot/src/lerobot/policies/rtc/debug_visualizer.py	4114	06d9ca5c9ce6ed61dc7ac772e91a56513445ab4e6be27e239ef8a252480f1b5c	06d9ca5c9ce6ed61dc7ac772e91a56513445ab4e6be27e239ef8a252480f1b5c	original
lerobot/src/lerobot/policies/rtc/latency_tracker.py	lerobot/src/lerobot/policies/rtc/latency_tracker.py	2317	34ec377bc004a7e585a2cfb2eaf898169bf7eb9bb2ec25f34615266ae1f40f42	34ec377bc004a7e585a2cfb2eaf898169bf7eb9bb2ec25f34615266ae1f40f42	original
lerobot/src/lerobot/policies/rtc/modeling_rtc.py	lerobot/src/lerobot/policies/rtc/modeling_rtc.py	11120	c2610d1de1e3846f8ab1b8806cddc6b58a6784ce5cd85892c873acaf73512f92	c2610d1de1e3846f8ab1b8806cddc6b58a6784ce5cd85892c873acaf73512f92	original
lerobot/src/lerobot/policies/rtc/relative.py	lerobot/src/lerobot/policies/rtc/relative.py	2103	a7421646346da6091d4088f02093ad52d309fd53bbbc572a6596a887e1fd4cfb	a7421646346da6091d4088f02093ad52d309fd53bbbc572a6596a887e1fd4cfb	original
lerobot/src/lerobot/policies/smolvla/README.md	lerobot/src/lerobot/policies/smolvla/README.md	536	518995d5cb706f7e70e8aa606b71c53279f6d6cf6ed8a988c15bb903cc5af16c	518995d5cb706f7e70e8aa606b71c53279f6d6cf6ed8a988c15bb903cc5af16c	original
lerobot/src/lerobot/policies/smolvla/__init__.py	lerobot/src/lerobot/policies/smolvla/__init__.py	851	0fcc03a2c5f20c656f26b34986a130e1a32899819e0cd68e4b4a5bd58781d0a4	0fcc03a2c5f20c656f26b34986a130e1a32899819e0cd68e4b4a5bd58781d0a4	original
lerobot/src/lerobot/policies/smolvla/configuration_smolvla.py	lerobot/src/lerobot/policies/smolvla/configuration_smolvla.py	5934	2fb637cb428fa2fdf1d114646dcffaf4728216bfe5b7039d5d0cac4857ffc4e0	2fb637cb428fa2fdf1d114646dcffaf4728216bfe5b7039d5d0cac4857ffc4e0	original
lerobot/src/lerobot/policies/smolvla/modeling_smolvla.py	lerobot/src/lerobot/policies/smolvla/modeling_smolvla.py	36682	5daaa297954acf9ae89397b571322f07bf30798e72f566e61a09393342cb1f99	5daaa297954acf9ae89397b571322f07bf30798e72f566e61a09393342cb1f99	original
lerobot/src/lerobot/policies/smolvla/processor_smolvla.py	lerobot/src/lerobot/policies/smolvla/processor_smolvla.py	3725	d34594291b2ecf7801f8c27a940a998c52a7e308cbc89f2403c9cbecfb368f22	d34594291b2ecf7801f8c27a940a998c52a7e308cbc89f2403c9cbecfb368f22	original
lerobot/src/lerobot/policies/smolvla/smolvlm_with_expert.py	lerobot/src/lerobot/policies/smolvla/smolvlm_with_expert.py	23369	f7542fa2bf904f9ef64d26843809f913a5e93c4dfa538dda06db0b288391ab4d	f7542fa2bf904f9ef64d26843809f913a5e93c4dfa538dda06db0b288391ab4d	original
lerobot/src/lerobot/policies/tdmpc/README.md	lerobot/src/lerobot/policies/tdmpc/README.md	265	6227f422719d11a585ba36fc8a724421d3005cbb34350029e3dc491518b8b388	6227f422719d11a585ba36fc8a724421d3005cbb34350029e3dc491518b8b388	original
lerobot/src/lerobot/policies/tdmpc/__init__.py	lerobot/src/lerobot/policies/tdmpc/__init__.py	833	e756e52065e2296e2cf8983c48ae4560927b9bbc3694d48c369d9f0d7ad9bc17	e756e52065e2296e2cf8983c48ae4560927b9bbc3694d48c369d9f0d7ad9bc17	original
lerobot/src/lerobot/policies/tdmpc/configuration_tdmpc.py	lerobot/src/lerobot/policies/tdmpc/configuration_tdmpc.py	10733	1aebc5101528d66c9242d3ca676e246ce91d5ee2617d49c2c345e5f0d0c86f71	1aebc5101528d66c9242d3ca676e246ce91d5ee2617d49c2c345e5f0d0c86f71	original
lerobot/src/lerobot/policies/tdmpc/modeling_tdmpc.py	lerobot/src/lerobot/policies/tdmpc/modeling_tdmpc.py	37532	57836d72c87454ed6316acc5815933a914273786d4458b186bbe0d94e85888c4	57836d72c87454ed6316acc5815933a914273786d4458b186bbe0d94e85888c4	original
lerobot/src/lerobot/policies/tdmpc/processor_tdmpc.py	lerobot/src/lerobot/policies/tdmpc/processor_tdmpc.py	3262	f8d7ee253ca1e3fe6a54bb5799b62779945d6dc51cab6307e2efc3e11ecb412c	f8d7ee253ca1e3fe6a54bb5799b62779945d6dc51cab6307e2efc3e11ecb412c	original
lerobot/src/lerobot/policies/utils.py	lerobot/src/lerobot/policies/utils.py	10254	0f985d6e9ce2cea56b864cb7a7bb658cf98b33d122ba7f58555349b538fc93f3	0f985d6e9ce2cea56b864cb7a7bb658cf98b33d122ba7f58555349b538fc93f3	original
lerobot/src/lerobot/policies/vla_jepa/README.md	lerobot/src/lerobot/policies/vla_jepa/README.md	1800	f017d5e99bc369b76256a18b5e190005b119f0e37fa8917d9a0c47c7b641ebc5	f017d5e99bc369b76256a18b5e190005b119f0e37fa8917d9a0c47c7b641ebc5	original
lerobot/src/lerobot/policies/vla_jepa/__init__.py	lerobot/src/lerobot/policies/vla_jepa/__init__.py	871	8f3f07551293eb0ac6a9d334cfae769cbf643abfbcd716587235a3db2c9ab4d8	8f3f07551293eb0ac6a9d334cfae769cbf643abfbcd716587235a3db2c9ab4d8	original
lerobot/src/lerobot/policies/vla_jepa/action_head.py	lerobot/src/lerobot/policies/vla_jepa/action_head.py	13630	5c691f7195daf707ee56df4bed33193ca3631f446bb5e7f62dad0676403747d9	5c691f7195daf707ee56df4bed33193ca3631f446bb5e7f62dad0676403747d9	original
lerobot/src/lerobot/policies/vla_jepa/configuration_vla_jepa.py	lerobot/src/lerobot/policies/vla_jepa/configuration_vla_jepa.py	6323	d37a35448ecef97e935024ee6388828ca7fab75167f1254abe98116417f97563	d37a35448ecef97e935024ee6388828ca7fab75167f1254abe98116417f97563	original
lerobot/src/lerobot/policies/vla_jepa/modeling_vla_jepa.py	lerobot/src/lerobot/policies/vla_jepa/modeling_vla_jepa.py	21766	f8cbb91e0c4354d087b1aa0019985c445cbc8e13b268c828a59bbd4e81fa9638	f8cbb91e0c4354d087b1aa0019985c445cbc8e13b268c828a59bbd4e81fa9638	original
lerobot/src/lerobot/policies/vla_jepa/processor_vla_jepa.py	lerobot/src/lerobot/policies/vla_jepa/processor_vla_jepa.py	5883	148b4d924948f79fa57f723253ceb39980cf73abc7c9e87bc80ece8d044b324d	148b4d924948f79fa57f723253ceb39980cf73abc7c9e87bc80ece8d044b324d	original
lerobot/src/lerobot/policies/vla_jepa/qwen_interface.py	lerobot/src/lerobot/policies/vla_jepa/qwen_interface.py	5812	f95d6666ce8f7f86ea461e5b5961493fe486d577439b5ff7e1e6c3c6ed6e3825	f95d6666ce8f7f86ea461e5b5961493fe486d577439b5ff7e1e6c3c6ed6e3825	original
lerobot/src/lerobot/policies/vla_jepa/world_model.py	lerobot/src/lerobot/policies/vla_jepa/world_model.py	16159	65ec219e8f9b711681e79d4f12a53410a231cf07975570e449f7803d2ca51d68	65ec219e8f9b711681e79d4f12a53410a231cf07975570e449f7803d2ca51d68	original
lerobot/src/lerobot/policies/vqbet/README.md	lerobot/src/lerobot/policies/vqbet/README.md	333	b80931a074f1bebf79b33bcac668edf999cc657c3665937e697da4e263ce3837	b80931a074f1bebf79b33bcac668edf999cc657c3665937e697da4e263ce3837	original
lerobot/src/lerobot/policies/vqbet/__init__.py	lerobot/src/lerobot/policies/vqbet/__init__.py	833	0f465a2efab482887fea5e21de9330fe7ccfcd8a3fadde0a9a6f6e15cf1a826b	0f465a2efab482887fea5e21de9330fe7ccfcd8a3fadde0a9a6f6e15cf1a826b	original
lerobot/src/lerobot/policies/vqbet/configuration_vqbet.py	lerobot/src/lerobot/policies/vqbet/configuration_vqbet.py	8937	89538baf6fd2a6f3512a890c68fade0fe0d66685d0c15d6f9c595823c3e95aa2	89538baf6fd2a6f3512a890c68fade0fe0d66685d0c15d6f9c595823c3e95aa2	original
lerobot/src/lerobot/policies/vqbet/modeling_vqbet.py	lerobot/src/lerobot/policies/vqbet/modeling_vqbet.py	45010	03864dbcaa0b94b94908b4624a1947b5670cff2dfad0a8f7013c8a8ee28673e8	03864dbcaa0b94b94908b4624a1947b5670cff2dfad0a8f7013c8a8ee28673e8	original
lerobot/src/lerobot/policies/vqbet/processor_vqbet.py	lerobot/src/lerobot/policies/vqbet/processor_vqbet.py	3420	383ddc02c5234c33512cf79894f563cc6ef5f3bf2370de5b0800d0db59dcc7f8	383ddc02c5234c33512cf79894f563cc6ef5f3bf2370de5b0800d0db59dcc7f8	original
lerobot/src/lerobot/policies/vqbet/vqbet_utils.py	lerobot/src/lerobot/policies/vqbet/vqbet_utils.py	53437	b4f7713b4154a124d7f4145cfcb89438910fb21d18497e358c3b7ff5b2697a09	b4f7713b4154a124d7f4145cfcb89438910fb21d18497e358c3b7ff5b2697a09	original
lerobot/src/lerobot/policies/wall_x/README.md	lerobot/src/lerobot/policies/wall_x/README.md	1651	84b9278b4d4c70b3c2600f618244dd3c04dec48a2a86d972c30e9c5e438ffe83	84b9278b4d4c70b3c2600f618244dd3c04dec48a2a86d972c30e9c5e438ffe83	original
lerobot/src/lerobot/policies/wall_x/__init__.py	lerobot/src/lerobot/policies/wall_x/__init__.py	887	ff86912cd44b06c838c023378b56ae4158b0c387f637db6e0eb25daf2274c3d6	ff86912cd44b06c838c023378b56ae4158b0c387f637db6e0eb25daf2274c3d6	original
lerobot/src/lerobot/policies/wall_x/configuration_wall_x.py	lerobot/src/lerobot/policies/wall_x/configuration_wall_x.py	6558	ce5ea3341592dae40e33a482acc658d4a8e1566ca3fd37bb0b70d66ac562776c	ce5ea3341592dae40e33a482acc658d4a8e1566ca3fd37bb0b70d66ac562776c	original
lerobot/src/lerobot/policies/wall_x/constant.py	lerobot/src/lerobot/policies/wall_x/constant.py	1168	3e9968c6c544f9408b299d57a547cd3a5696a7fe27fce9061b1287c831c96529	3e9968c6c544f9408b299d57a547cd3a5696a7fe27fce9061b1287c831c96529	original
lerobot/src/lerobot/policies/wall_x/modeling_wall_x.py	lerobot/src/lerobot/policies/wall_x/modeling_wall_x.py	90707	0d57e0d8caeacee1644f97d0fe0095520697463b76a75d69843c3590b5d2e8fb	0d57e0d8caeacee1644f97d0fe0095520697463b76a75d69843c3590b5d2e8fb	original
lerobot/src/lerobot/policies/wall_x/processor_wall_x.py	lerobot/src/lerobot/policies/wall_x/processor_wall_x.py	4805	7c9922667d71f948c654058040d8c6e09a9deb46fe16baef78aa97e77d85517a	7c9922667d71f948c654058040d8c6e09a9deb46fe16baef78aa97e77d85517a	original
lerobot/src/lerobot/policies/wall_x/qwen_model/configuration_qwen2_5_vl.py	lerobot/src/lerobot/policies/wall_x/qwen_model/configuration_qwen2_5_vl.py	12318	aa0f656423b7a4d21141983d7d862bb0574d7b8334bcb3535152ca2798df37ec	aa0f656423b7a4d21141983d7d862bb0574d7b8334bcb3535152ca2798df37ec	original
lerobot/src/lerobot/policies/wall_x/qwen_model/qwen2_5_vl_moe.py	lerobot/src/lerobot/policies/wall_x/qwen_model/qwen2_5_vl_moe.py	130531	1b90123aad641f317f44bdc790562fee930631d4d829eae1f1966cac0ffec406	1b90123aad641f317f44bdc790562fee930631d4d829eae1f1966cac0ffec406	original
lerobot/src/lerobot/policies/wall_x/utils.py	lerobot/src/lerobot/policies/wall_x/utils.py	23482	86eea26c4b1b1796ae62f59ae48d3aace99cf65327c3f09c8ee380b19f5cf7f6	86eea26c4b1b1796ae62f59ae48d3aace99cf65327c3f09c8ee380b19f5cf7f6	original
lerobot/src/lerobot/policies/xvla/__init__.py	lerobot/src/lerobot/policies/xvla/__init__.py	388	17f112f43d38f28a73f0f3d4aefe4ed9a813189057b496a152a955b9b390ecbc	17f112f43d38f28a73f0f3d4aefe4ed9a813189057b496a152a955b9b390ecbc	original
lerobot/src/lerobot/policies/xvla/action_hub.py	lerobot/src/lerobot/policies/xvla/action_hub.py	20427	86357301855bf28a27e2e7a8a0f6b79264a915786a94a2232b152cff586cf9bf	86357301855bf28a27e2e7a8a0f6b79264a915786a94a2232b152cff586cf9bf	original
lerobot/src/lerobot/policies/xvla/configuration_florence2.py	lerobot/src/lerobot/policies/xvla/configuration_florence2.py	15861	084556d98df891ba4f71b6c4a8672689f0cfe54d527f675dfc9b55c7d5d2b386	084556d98df891ba4f71b6c4a8672689f0cfe54d527f675dfc9b55c7d5d2b386	original
lerobot/src/lerobot/policies/xvla/configuration_xvla.py	lerobot/src/lerobot/policies/xvla/configuration_xvla.py	8142	ed29952fae06131de5026c668c7d41d725860e0e8779f01efde824ff16f5d915	ed29952fae06131de5026c668c7d41d725860e0e8779f01efde824ff16f5d915	original
lerobot/src/lerobot/policies/xvla/modeling_florence2.py	lerobot/src/lerobot/policies/xvla/modeling_florence2.py	123977	4ffa32592da6777031984873f1de44e70bc534d9546a028549cb2d5add1c54ba	4ffa32592da6777031984873f1de44e70bc534d9546a028549cb2d5add1c54ba	original
lerobot/src/lerobot/policies/xvla/modeling_xvla.py	lerobot/src/lerobot/policies/xvla/modeling_xvla.py	21926	290578f12a43ce027cc9f0ed688d8a237e7def6d3f797b15dadb2db8af761ff6	290578f12a43ce027cc9f0ed688d8a237e7def6d3f797b15dadb2db8af761ff6	original
lerobot/src/lerobot/policies/xvla/processor_xvla.py	lerobot/src/lerobot/policies/xvla/processor_xvla.py	20229	0826f8cada0aaa950a5846ee5f111f788acf4b66d4b5712a2e70aaf4ff53355d	0826f8cada0aaa950a5846ee5f111f788acf4b66d4b5712a2e70aaf4ff53355d	original
lerobot/src/lerobot/policies/xvla/soft_transformer.py	lerobot/src/lerobot/policies/xvla/soft_transformer.py	14243	92da48b75f7ba14583fe2be89f9eb15157361252084ae18643e279648db817cc	92da48b75f7ba14583fe2be89f9eb15157361252084ae18643e279648db817cc	original
lerobot/src/lerobot/policies/xvla/utils.py	lerobot/src/lerobot/policies/xvla/utils.py	4113	4693b9b0e1db410d05d730d17c2268d91534a887218b5c863a28f26ee3c6bf0e	4693b9b0e1db410d05d730d17c2268d91534a887218b5c863a28f26ee3c6bf0e	original
lerobot/src/lerobot/processor/__init__.py	lerobot/src/lerobot/processor/__init__.py	5784	6b7a6e1438c7492b73f68396e68fd557bf8b96568b40ae5499108811aaa07768	6b7a6e1438c7492b73f68396e68fd557bf8b96568b40ae5499108811aaa07768	original
lerobot/src/lerobot/processor/batch_processor.py	lerobot/src/lerobot/processor/batch_processor.py	10390	3e5c1d21468b6852bfe5df6c0ab03a81731f580dc4f69623c0aa458c52ae88f6	3e5c1d21468b6852bfe5df6c0ab03a81731f580dc4f69623c0aa458c52ae88f6	original
lerobot/src/lerobot/processor/converters.py	lerobot/src/lerobot/processor/converters.py	13771	e2569f4b421b8a747410cccc2a8db15dd1ef9e8baa05a6865dc4b06d780f4e30	e2569f4b421b8a747410cccc2a8db15dd1ef9e8baa05a6865dc4b06d780f4e30	original
lerobot/src/lerobot/processor/delta_action_processor.py	lerobot/src/lerobot/processor/delta_action_processor.py	5663	4949cc339f7f580511121eeead5748c90f3e3a418fb5ecac0bcea4dfb546ecea	4949cc339f7f580511121eeead5748c90f3e3a418fb5ecac0bcea4dfb546ecea	original
lerobot/src/lerobot/processor/device_processor.py	lerobot/src/lerobot/processor/device_processor.py	7407	69c4b0e4bed06607693a4ffbe5831bf30f13513de95973fdbde1fe09a8499553	69c4b0e4bed06607693a4ffbe5831bf30f13513de95973fdbde1fe09a8499553	original
lerobot/src/lerobot/processor/env_processor.py	lerobot/src/lerobot/processor/env_processor.py	8269	41cf74048b233652b2b03d38c79b30d6f1d341592d553a5625f971de555f3a3a	41cf74048b233652b2b03d38c79b30d6f1d341592d553a5625f971de555f3a3a	original
lerobot/src/lerobot/processor/factory.py	lerobot/src/lerobot/processor/factory.py	2493	f0aa9ff748031d264c1eaba5265c0f77a5d2da5e86bae4dd76c6fac22636869b	f0aa9ff748031d264c1eaba5265c0f77a5d2da5e86bae4dd76c6fac22636869b	original
lerobot/src/lerobot/processor/gym_action_processor.py	lerobot/src/lerobot/processor/gym_action_processor.py	4200	3de65c665a189416734af42a0036af135616560e5abc5f7fbfd369110784c4b4	3de65c665a189416734af42a0036af135616560e5abc5f7fbfd369110784c4b4	original
lerobot/src/lerobot/processor/hil_processor.py	lerobot/src/lerobot/processor/hil_processor.py	24455	6bfe87edcdd9dd6f97c910c6743a6b280a08b34f47273fd4da848c0f1eca2e24	6bfe87edcdd9dd6f97c910c6743a6b280a08b34f47273fd4da848c0f1eca2e24	original
lerobot/src/lerobot/processor/migrate_policy_normalization.py	lerobot/src/lerobot/processor/migrate_policy_normalization.py	31141	711c367c27d31b0d1d43a6e43c8c7f23389a1e4f00306ba9f06be1a8dc093e52	711c367c27d31b0d1d43a6e43c8c7f23389a1e4f00306ba9f06be1a8dc093e52	original
lerobot/src/lerobot/processor/newline_task_processor.py	lerobot/src/lerobot/processor/newline_task_processor.py	2437	68ac6cabc262507bd1fd97471b07305d8129d2a826431293026cf83198ec0a5a	68ac6cabc262507bd1fd97471b07305d8129d2a826431293026cf83198ec0a5a	original
lerobot/src/lerobot/processor/normalize_processor.py	lerobot/src/lerobot/processor/normalize_processor.py	25153	e9c4745d44f6f3808a84ed7ee9bc23b99ad930cc14222030e9167d4999da1012	e9c4745d44f6f3808a84ed7ee9bc23b99ad930cc14222030e9167d4999da1012	original
lerobot/src/lerobot/processor/observation_processor.py	lerobot/src/lerobot/processor/observation_processor.py	8063	5604f209d9e0ab38c2550b6458b08bb42e3d88d57790f811960f0abb2fe84eda	5604f209d9e0ab38c2550b6458b08bb42e3d88d57790f811960f0abb2fe84eda	original
lerobot/src/lerobot/processor/pipeline.py	lerobot/src/lerobot/processor/pipeline.py	80442	c735f552f17fd3247c07a3ab318c34fe7779339d69cb77590054122f6128e5a0	c735f552f17fd3247c07a3ab318c34fe7779339d69cb77590054122f6128e5a0	original
lerobot/src/lerobot/processor/policy_robot_bridge.py	lerobot/src/lerobot/processor/policy_robot_bridge.py	2656	4dfc2f7d8fca4fc2dd2eeffd3f9d2ee148d0559753cfb6d042fcb698ca3f8ec9	4dfc2f7d8fca4fc2dd2eeffd3f9d2ee148d0559753cfb6d042fcb698ca3f8ec9	original
lerobot/src/lerobot/processor/relative_action_processor.py	lerobot/src/lerobot/processor/relative_action_processor.py	8625	37f03152a430066bed5630d4c86fd28a0482a9fa7e798218ab9d790a05c069bc	37f03152a430066bed5630d4c86fd28a0482a9fa7e798218ab9d790a05c069bc	original
lerobot/src/lerobot/processor/rename_processor.py	lerobot/src/lerobot/processor/rename_processor.py	3725	10f1b190f0a1f8b4170114011dd2695308051618d6929c898062103e95499b02	10f1b190f0a1f8b4170114011dd2695308051618d6929c898062103e95499b02	original
lerobot/src/lerobot/processor/render_messages_processor.py	lerobot/src/lerobot/processor/render_messages_processor.py	3431	3ae404a8664752d826e73fe8ad4b76fd92ecf79ddb7dc8b2845a797bb797830c	3ae404a8664752d826e73fe8ad4b76fd92ecf79ddb7dc8b2845a797bb797830c	original
lerobot/src/lerobot/processor/tokenizer_processor.py	lerobot/src/lerobot/processor/tokenizer_processor.py	23271	7ba06e58a833a013421e67f74ffa992e6237df838c2b787711bf0c3156895b72	7ba06e58a833a013421e67f74ffa992e6237df838c2b787711bf0c3156895b72	original
lerobot/src/lerobot/rewards/__init__.py	lerobot/src/lerobot/rewards/__init__.py	1593	3c56ebcfff9c46acad6ecdca5febbf3f727679d039f9d40b94d6466ef278708a	3c56ebcfff9c46acad6ecdca5febbf3f727679d039f9d40b94d6466ef278708a	original
lerobot/src/lerobot/rewards/classifier/__init__.py	lerobot/src/lerobot/rewards/classifier/__init__.py	858	5e828a3de4eb20a52b70f09d0a25289eb0c1710266eab80c64cf5c91842ecd11	5e828a3de4eb20a52b70f09d0a25289eb0c1710266eab80c64cf5c91842ecd11	original
lerobot/src/lerobot/rewards/classifier/configuration_classifier.py	lerobot/src/lerobot/rewards/classifier/configuration_classifier.py	2572	67a01ce1fcca10d69b7216626d5a1de927e712465731818bc0559928f60bc93e	67a01ce1fcca10d69b7216626d5a1de927e712465731818bc0559928f60bc93e	original
lerobot/src/lerobot/rewards/classifier/modeling_classifier.py	lerobot/src/lerobot/rewards/classifier/modeling_classifier.py	10607	833ecb68a33b27a987d91dcf7db0c5d7eb6c7e1055208a302ccec491a29af0cb	833ecb68a33b27a987d91dcf7db0c5d7eb6c7e1055208a302ccec491a29af0cb	original
lerobot/src/lerobot/rewards/classifier/processor_classifier.py	lerobot/src/lerobot/rewards/classifier/processor_classifier.py	2775	1b52fb5126c0a521a666e852d3a583bbb7c3320dcbad2808540c03dd2a5cd654	1b52fb5126c0a521a666e852d3a583bbb7c3320dcbad2808540c03dd2a5cd654	original
lerobot/src/lerobot/rewards/factory.py	lerobot/src/lerobot/rewards/factory.py	9685	f254c98826cd11850b52fc808098a86592914b6d2ab4e4d4a40b37ad4d5bbc36	f254c98826cd11850b52fc808098a86592914b6d2ab4e4d4a40b37ad4d5bbc36	original
lerobot/src/lerobot/rewards/pretrained.py	lerobot/src/lerobot/rewards/pretrained.py	8991	207870745a1301f2a92efb21042f807ee3985d1a8ae1f152e56b6449864ee6a1	207870745a1301f2a92efb21042f807ee3985d1a8ae1f152e56b6449864ee6a1	original
lerobot/src/lerobot/rewards/robometer/__init__.py	lerobot/src/lerobot/rewards/robometer/__init__.py	879	983998165050c49a8d7b1e5fbc83cd430fae01e612f40f760530c9e0bb357af1	983998165050c49a8d7b1e5fbc83cd430fae01e612f40f760530c9e0bb357af1	original
lerobot/src/lerobot/rewards/robometer/compute_rabc_weights.py	lerobot/src/lerobot/rewards/robometer/compute_rabc_weights.py	12460	1efbb28e3d343a870c3883266d125f7bed9ec0f9aa31a90bbcd3f16e056372f1	1efbb28e3d343a870c3883266d125f7bed9ec0f9aa31a90bbcd3f16e056372f1	original
lerobot/src/lerobot/rewards/robometer/configuration_robometer.py	lerobot/src/lerobot/rewards/robometer/configuration_robometer.py	7109	5e27a39cd85cac42c8513636e5fe0e1c50619640bae9cd3f7920ea1cabd2938f	5e27a39cd85cac42c8513636e5fe0e1c50619640bae9cd3f7920ea1cabd2938f	original
lerobot/src/lerobot/rewards/robometer/modeling_robometer.py	lerobot/src/lerobot/rewards/robometer/modeling_robometer.py	20688	8b762141a0bebe7fc26c9bb4b392510702c33e3c7618fdc907c18c6d766a1185	8b762141a0bebe7fc26c9bb4b392510702c33e3c7618fdc907c18c6d766a1185	original
lerobot/src/lerobot/rewards/robometer/processor_robometer.py	lerobot/src/lerobot/rewards/robometer/processor_robometer.py	13731	f3de52df2110346578098129cad8d3ce8c260807a2eabe4e4aca69757e8e085e	f3de52df2110346578098129cad8d3ce8c260807a2eabe4e4aca69757e8e085e	original
lerobot/src/lerobot/rewards/sarm/__init__.py	lerobot/src/lerobot/rewards/sarm/__init__.py	834	1b64f3b992caf93fdd325464bf5c74d49a3167e32269da817cd1e3c47f098467	1b64f3b992caf93fdd325464bf5c74d49a3167e32269da817cd1e3c47f098467	original
lerobot/src/lerobot/rewards/sarm/compute_rabc_weights.py	lerobot/src/lerobot/rewards/sarm/compute_rabc_weights.py	34614	f6a83013765fbedb9c178018ba47009b26af58b2673325cb0a8ae1454c2f0779	f6a83013765fbedb9c178018ba47009b26af58b2673325cb0a8ae1454c2f0779	original
lerobot/src/lerobot/rewards/sarm/configuration_sarm.py	lerobot/src/lerobot/rewards/sarm/configuration_sarm.py	9605	61102ae6eecb0dffea94b57f138f68f76ac8e62c4cee9149f42e9c59010d697b	61102ae6eecb0dffea94b57f138f68f76ac8e62c4cee9149f42e9c59010d697b	original
lerobot/src/lerobot/rewards/sarm/modeling_sarm.py	lerobot/src/lerobot/rewards/sarm/modeling_sarm.py	31545	c7265116b896186c74753565fec00626dd2df5c68675b015847301f976a4ec19	c7265116b896186c74753565fec00626dd2df5c68675b015847301f976a4ec19	original
lerobot/src/lerobot/rewards/sarm/processor_sarm.py	lerobot/src/lerobot/rewards/sarm/processor_sarm.py	22432	191af712491415bd7e706a23e06fcb51803ed441f865c76dcb5964cac497cf3f	191af712491415bd7e706a23e06fcb51803ed441f865c76dcb5964cac497cf3f	original
lerobot/src/lerobot/rewards/sarm/rabc.py	lerobot/src/lerobot/rewards/sarm/rabc.py	12050	e789cd59a7e1ae4e896a584981ccf4dfe6456bc9dde404cd594b0bd9ddc847f1	e789cd59a7e1ae4e896a584981ccf4dfe6456bc9dde404cd594b0bd9ddc847f1	original
lerobot/src/lerobot/rewards/sarm/sarm_utils.py	lerobot/src/lerobot/rewards/sarm/sarm_utils.py	11268	279cfd596ba1260f1291c1e39740f3b039d403c11bc39540c0c6317c942fe676	279cfd596ba1260f1291c1e39740f3b039d403c11bc39540c0c6317c942fe676	original
lerobot/src/lerobot/rewards/topreward/__init__.py	lerobot/src/lerobot/rewards/topreward/__init__.py	867	37c601a773692c0ec466208b81d6cbc61eb666edab9be0379a8567032aab8850	37c601a773692c0ec466208b81d6cbc61eb666edab9be0379a8567032aab8850	original
lerobot/src/lerobot/rewards/topreward/compute_rabc_weights.py	lerobot/src/lerobot/rewards/topreward/compute_rabc_weights.py	12925	e3355eb2ed4d3afbbd6c37812d8d63cbafc7cf734f6706e2f73e8a9706df108b	e3355eb2ed4d3afbbd6c37812d8d63cbafc7cf734f6706e2f73e8a9706df108b	original
lerobot/src/lerobot/rewards/topreward/configuration_topreward.py	lerobot/src/lerobot/rewards/topreward/configuration_topreward.py	6402	670dbeab412006eef296b63e1976a8fd67100764ab3f248c0423f54847b931a4	670dbeab412006eef296b63e1976a8fd67100764ab3f248c0423f54847b931a4	original
lerobot/src/lerobot/rewards/topreward/modeling_topreward.py	lerobot/src/lerobot/rewards/topreward/modeling_topreward.py	9567	9eb80053dd0e537a5f3f07b68934865232772ab2a66dfb7d618b0c1c1440af1c	9eb80053dd0e537a5f3f07b68934865232772ab2a66dfb7d618b0c1c1440af1c	original
lerobot/src/lerobot/rewards/topreward/processor_topreward.py	lerobot/src/lerobot/rewards/topreward/processor_topreward.py	11470	d193598da329102e1b8a9e88d7bad766bd07c8ca3f8e1c0a6802d4fa42ead471	d193598da329102e1b8a9e88d7bad766bd07c8ca3f8e1c0a6802d4fa42ead471	original
lerobot/src/lerobot/rl/__init__.py	lerobot/src/lerobot/rl/__init__.py	1659	1afe8cdc7d494ff1fb8c06fd2fb5adf347da3d30b827afd253af928c34cf6178	1afe8cdc7d494ff1fb8c06fd2fb5adf347da3d30b827afd253af928c34cf6178	original
lerobot/src/lerobot/rl/actor.py	lerobot/src/lerobot/rl/actor.py	28671	68698274e399701873fc6d33243b385dcfd41db9f5dd335eb7f3658c862ad0fd	68698274e399701873fc6d33243b385dcfd41db9f5dd335eb7f3658c862ad0fd	original
lerobot/src/lerobot/rl/algorithms/__init__.py	lerobot/src/lerobot/rl/algorithms/__init__.py	723	2ec1fca589f6834ce07146e081b2716cbc036cbc5e2f9224c1b02c75dbed9cdd	2ec1fca589f6834ce07146e081b2716cbc036cbc5e2f9224c1b02c75dbed9cdd	original
lerobot/src/lerobot/rl/algorithms/base.py	lerobot/src/lerobot/rl/algorithms/base.py	7426	3c1f07a50acac18f6611719ed628bb546defe73f3b4ed392e113a671eb4a89e1	3c1f07a50acac18f6611719ed628bb546defe73f3b4ed392e113a671eb4a89e1	original
lerobot/src/lerobot/rl/algorithms/configs.py	lerobot/src/lerobot/rl/algorithms/configs.py	5027	87a3e3bf515dcf3be6559bd389190fcf32b6c61759a8d024e41e226f4c75011e	87a3e3bf515dcf3be6559bd389190fcf32b6c61759a8d024e41e226f4c75011e	original
lerobot/src/lerobot/rl/algorithms/factory.py	lerobot/src/lerobot/rl/algorithms/factory.py	3440	8ab3f0b13441b09156f618082e5c406ad31a3af1f5138b9b9a0b9604d8ebc731	8ab3f0b13441b09156f618082e5c406ad31a3af1f5138b9b9a0b9604d8ebc731	original
lerobot/src/lerobot/rl/algorithms/sac/__init__.py	lerobot/src/lerobot/rl/algorithms/sac/__init__.py	752	1a21a00577c87b5c20149adbd30b335384638bd017c7d30db34a63117e184357	1a21a00577c87b5c20149adbd30b335384638bd017c7d30db34a63117e184357	original
lerobot/src/lerobot/rl/algorithms/sac/configuration_sac.py	lerobot/src/lerobot/rl/algorithms/sac/configuration_sac.py	3805	4d136dc4f18604624069d17a0157906e29b7f2ca05b7b65d601c55e06ba33763	4d136dc4f18604624069d17a0157906e29b7f2ca05b7b65d601c55e06ba33763	original
lerobot/src/lerobot/rl/algorithms/sac/sac_algorithm.py	lerobot/src/lerobot/rl/algorithms/sac/sac_algorithm.py	28810	f815bc80080e66e1ba5ae07b52b4fb34af1383a8f1ada34fb65678a7aeee4c39	f815bc80080e66e1ba5ae07b52b4fb34af1383a8f1ada34fb65678a7aeee4c39	original
lerobot/src/lerobot/rl/buffer.py	lerobot/src/lerobot/rl/buffer.py	34510	6b2b84c21546f7061c543f51e54d262f9d2c600c265e428abdf31afbef04f9ed	6b2b84c21546f7061c543f51e54d262f9d2c600c265e428abdf31afbef04f9ed	original
lerobot/src/lerobot/rl/crop_dataset_roi.py	lerobot/src/lerobot/rl/crop_dataset_roi.py	11651	50f71b67706eabf1a16076e98357fc0da6c5ecb7f10214636233d703ad807c08	50f71b67706eabf1a16076e98357fc0da6c5ecb7f10214636233d703ad807c08	original
lerobot/src/lerobot/rl/data_sources/__init__.py	lerobot/src/lerobot/rl/data_sources/__init__.py	763	e2ee5cd2ecd15614f7e9c22185f1eb24660e2d8bdd86f06088029201e6af9165	e2ee5cd2ecd15614f7e9c22185f1eb24660e2d8bdd86f06088029201e6af9165	original
lerobot/src/lerobot/rl/data_sources/data_mixer.py	lerobot/src/lerobot/rl/data_sources/data_mixer.py	3122	21467095aead45502915cfcfffb1a47b2ecfdf0c3210adb0f2df90d3f9069c82	21467095aead45502915cfcfffb1a47b2ecfdf0c3210adb0f2df90d3f9069c82	original
lerobot/src/lerobot/rl/eval_policy.py	lerobot/src/lerobot/rl/eval_policy.py	2293	0f0a2fe2043db5301b09725af4254f60133dd72a05567766a892e0d655c87ad0	0f0a2fe2043db5301b09725af4254f60133dd72a05567766a892e0d655c87ad0	original
lerobot/src/lerobot/rl/gym_manipulator.py	lerobot/src/lerobot/rl/gym_manipulator.py	30434	5a3000cf1b200c805a8a836c60008ab52f69ef519dcd817ad590876aea3a4394	5a3000cf1b200c805a8a836c60008ab52f69ef519dcd817ad590876aea3a4394	original
lerobot/src/lerobot/rl/joint_observations_processor.py	lerobot/src/lerobot/rl/joint_observations_processor.py	7916	3752cef40098c1eea53443fc6dc1fd57023ed9869105745cd973132c22003c60	3752cef40098c1eea53443fc6dc1fd57023ed9869105745cd973132c22003c60	original
lerobot/src/lerobot/rl/learner.py	lerobot/src/lerobot/rl/learner.py	36430	b31e13563bfc62707c94536b78b8f47c2e8fd01425fa307b6b84d7898eec6383	b31e13563bfc62707c94536b78b8f47c2e8fd01425fa307b6b84d7898eec6383	original
lerobot/src/lerobot/rl/learner_service.py	lerobot/src/lerobot/rl/learner_service.py	4811	d5c72d84b9cddbd7f08e183dfcfe38e9e6a0312fefa6b14e2543e2d2889101ae	d5c72d84b9cddbd7f08e183dfcfe38e9e6a0312fefa6b14e2543e2d2889101ae	original
lerobot/src/lerobot/rl/queue.py	lerobot/src/lerobot/rl/queue.py	1665	fbfc76286938c6b3e707f78a69875f5fbd29ad09378af393303ded3bb40fb20a	fbfc76286938c6b3e707f78a69875f5fbd29ad09378af393303ded3bb40fb20a	original
lerobot/src/lerobot/rl/train_rl.py	lerobot/src/lerobot/rl/train_rl.py	1908	fc07f48e870ce184dec99aa836c93cfccfb87b6c51c7b73da7223f5a3f7a3863	fc07f48e870ce184dec99aa836c93cfccfb87b6c51c7b73da7223f5a3f7a3863	original
lerobot/src/lerobot/rl/trainer.py	lerobot/src/lerobot/rl/trainer.py	3433	114bf629e706d874dc15d7ad347b504a02cb84eeafca771f9e4f0f60d4b2e2c9	114bf629e706d874dc15d7ad347b504a02cb84eeafca771f9e4f0f60d4b2e2c9	original
lerobot/src/lerobot/robots/__init__.py	lerobot/src/lerobot/robots/__init__.py	796	6be001f847319f13c51cf2a6b7fb8c1fa12989abd8e9b856a49d4d93dce7d0bd	6be001f847319f13c51cf2a6b7fb8c1fa12989abd8e9b856a49d4d93dce7d0bd	original
lerobot/src/lerobot/robots/bi_openarm_follower/__init__.py	lerobot/src/lerobot/robots/bi_openarm_follower/__init__.py	810	2645f2e7bb06d30fc9f472a2cbb85fe5bb4e595086ad66110d27f5512c1b8c5d	2645f2e7bb06d30fc9f472a2cbb85fe5bb4e595086ad66110d27f5512c1b8c5d	original
lerobot/src/lerobot/robots/bi_openarm_follower/bi_openarm_follower.py	lerobot/src/lerobot/robots/bi_openarm_follower/bi_openarm_follower.py	7002	b6c084f51d63c8550b7b29d117ff6df9225ab1a30bdf15895630442effdf422f	b6c084f51d63c8550b7b29d117ff6df9225ab1a30bdf15895630442effdf422f	original
lerobot/src/lerobot/robots/bi_openarm_follower/config_bi_openarm_follower.py	lerobot/src/lerobot/robots/bi_openarm_follower/config_bi_openarm_follower.py	1417	da4d8ff2d07fa6adf7e720867471d53f1d34be1021a9315e38aafe4de39e946e	da4d8ff2d07fa6adf7e720867471d53f1d34be1021a9315e38aafe4de39e946e	original
lerobot/src/lerobot/robots/bi_rebot_b601_follower/__init__.py	lerobot/src/lerobot/robots/bi_rebot_b601_follower/__init__.py	824	da2f982d44ace45c520da3a860bbb385e2e65f9e6ccdde8a44a6573053a9a55c	da2f982d44ace45c520da3a860bbb385e2e65f9e6ccdde8a44a6573053a9a55c	original
lerobot/src/lerobot/robots/bi_rebot_b601_follower/bi_rebot_b601_follower.py	lerobot/src/lerobot/robots/bi_rebot_b601_follower/bi_rebot_b601_follower.py	6797	3426f68a8cbd30bbef4979265dc6ad1b86c12ece79e05cc92f5ef5bb1bcfe856	3426f68a8cbd30bbef4979265dc6ad1b86c12ece79e05cc92f5ef5bb1bcfe856	original
lerobot/src/lerobot/robots/bi_rebot_b601_follower/config_bi_rebot_b601_follower.py	lerobot/src/lerobot/robots/bi_rebot_b601_follower/config_bi_rebot_b601_follower.py	1376	4f6d24d72ea7cb11eb56b434b53faf6024f13094661dba78af440a19f5762d0c	4f6d24d72ea7cb11eb56b434b53faf6024f13094661dba78af440a19f5762d0c	original
lerobot/src/lerobot/robots/bi_so_follower/__init__.py	lerobot/src/lerobot/robots/bi_so_follower/__init__.py	780	9e3b0c89f380c1f5b24fbd697c4d125dd952ffd730c34e5e06a5180ca30a5ad0	9e3b0c89f380c1f5b24fbd697c4d125dd952ffd730c34e5e06a5180ca30a5ad0	original
lerobot/src/lerobot/robots/bi_so_follower/bi_so_follower.py	lerobot/src/lerobot/robots/bi_so_follower/bi_so_follower.py	5746	5cba856feefba8513a31f13c348299f9dd863022db94908a6616b2a6654cfd73	5cba856feefba8513a31f13c348299f9dd863022db94908a6616b2a6654cfd73	original
lerobot/src/lerobot/robots/bi_so_follower/config_bi_so_follower.py	lerobot/src/lerobot/robots/bi_so_follower/config_bi_so_follower.py	1312	c7d7eea050dacbb205e56ccec6a3685260aa3e4b75966f714a2f52e48c64be29	c7d7eea050dacbb205e56ccec6a3685260aa3e4b75966f714a2f52e48c64be29	original
lerobot/src/lerobot/robots/config.py	lerobot/src/lerobot/robots/config.py	1462	65f420e72414df8717d4d2d0788d7e3584d7420f616e39b0d07af2098a877094	65f420e72414df8717d4d2d0788d7e3584d7420f616e39b0d07af2098a877094	original
lerobot/src/lerobot/robots/earthrover_mini_plus/__init__.py	lerobot/src/lerobot/robots/earthrover_mini_plus/__init__.py	822	5d8d6aaa64e48a99bad94c6d739f0917929bc60633b70d57f54b2ab4e24f52ac	5d8d6aaa64e48a99bad94c6d739f0917929bc60633b70d57f54b2ab4e24f52ac	original
lerobot/src/lerobot/robots/earthrover_mini_plus/config_earthrover_mini_plus.py	lerobot/src/lerobot/robots/earthrover_mini_plus/config_earthrover_mini_plus.py	1233	31fc0be35ec4e94c3f96135ac8757ccb1bb22062eb8bdc4fa3d16f6f5c11e68e	31fc0be35ec4e94c3f96135ac8757ccb1bb22062eb8bdc4fa3d16f6f5c11e68e	original
lerobot/src/lerobot/robots/earthrover_mini_plus/earthrover_mini_plus.mdx	lerobot/src/lerobot/robots/earthrover_mini_plus/earthrover_mini_plus.mdx	6484	0042fd029955537d08c26f314c97cb60d3890b5cfbcb9e96b7144b5266f55578	0042fd029955537d08c26f314c97cb60d3890b5cfbcb9e96b7144b5266f55578	original
lerobot/src/lerobot/robots/earthrover_mini_plus/robot_earthrover_mini_plus.py	lerobot/src/lerobot/robots/earthrover_mini_plus/robot_earthrover_mini_plus.py	21722	cd9de029d8ffdf056fa1b349bc3eceb011a15d8cf575ed58f29719b8caf80a7d	cd9de029d8ffdf056fa1b349bc3eceb011a15d8cf575ed58f29719b8caf80a7d	original
lerobot/src/lerobot/robots/hope_jr/__init__.py	lerobot/src/lerobot/robots/hope_jr/__init__.py	847	f56eaa72355a74d64c6c96fce6df45f843f3f4a7ada04e3eb836d44d444bd673	f56eaa72355a74d64c6c96fce6df45f843f3f4a7ada04e3eb836d44d444bd673	original
lerobot/src/lerobot/robots/hope_jr/config_hope_jr.py	lerobot/src/lerobot/robots/hope_jr/config_hope_jr.py	1790	2667fb096d4614bde2a090925f640423db178e4edd6b7f339a3187a7530f2310	2667fb096d4614bde2a090925f640423db178e4edd6b7f339a3187a7530f2310	original
lerobot/src/lerobot/robots/hope_jr/hope_jr.mdx	lerobot/src/lerobot/robots/hope_jr/hope_jr.mdx	8831	800df8a12b2e41eb2823b99a71be688cdd7f50007cf0389905ab45b94050f92c	800df8a12b2e41eb2823b99a71be688cdd7f50007cf0389905ab45b94050f92c	original
lerobot/src/lerobot/robots/hope_jr/hope_jr_arm.py	lerobot/src/lerobot/robots/hope_jr/hope_jr_arm.py	7084	8f757f5e7c70bdc51e2239387bba57721e05d4bd6c6c6677876dd019f9cf9a01	8f757f5e7c70bdc51e2239387bba57721e05d4bd6c6c6677876dd019f9cf9a01	original
lerobot/src/lerobot/robots/hope_jr/hope_jr_hand.py	lerobot/src/lerobot/robots/hope_jr/hope_jr_hand.py	7576	9b349aaa191174fb6c1ce2fe11e2a24e181c957e03975d5cbe167c616a476388	9b349aaa191174fb6c1ce2fe11e2a24e181c957e03975d5cbe167c616a476388	original
lerobot/src/lerobot/robots/koch_follower/__init__.py	lerobot/src/lerobot/robots/koch_follower/__init__.py	778	8c16d081a502d0789c29a576535545a9108e3312fe1e6ecea682d12ab6ae07a4	8c16d081a502d0789c29a576535545a9108e3312fe1e6ecea682d12ab6ae07a4	original
lerobot/src/lerobot/robots/koch_follower/config_koch_follower.py	lerobot/src/lerobot/robots/koch_follower/config_koch_follower.py	1458	cf0fee4174c7a52527bd54ac696c48989d3856cb27a48049d18eca6393b880b0	cf0fee4174c7a52527bd54ac696c48989d3856cb27a48049d18eca6393b880b0	original
lerobot/src/lerobot/robots/koch_follower/koch.mdx	lerobot/src/lerobot/robots/koch_follower/koch.mdx	9675	b5e0c2b1c5c3cc249fa2f36f519eb0ec44762995df8f39592f7d44714bdf8ba3	b5e0c2b1c5c3cc249fa2f36f519eb0ec44762995df8f39592f7d44714bdf8ba3	original
lerobot/src/lerobot/robots/koch_follower/koch_follower.py	lerobot/src/lerobot/robots/koch_follower/koch_follower.py	10790	f33df499c9ac84a97754d44ac728c53d3503788b9ba2a7b95541ecdb7123dbb0	f33df499c9ac84a97754d44ac728c53d3503788b9ba2a7b95541ecdb7123dbb0	original
lerobot/src/lerobot/robots/lekiwi/__init__.py	lerobot/src/lerobot/robots/lekiwi/__init__.py	838	f5c80a9f1a2e3092c2f585daa4b26ead2b8419e7382b5895f61a433dd78bee62	f5c80a9f1a2e3092c2f585daa4b26ead2b8419e7382b5895f61a433dd78bee62	original
lerobot/src/lerobot/robots/lekiwi/config_lekiwi.py	lerobot/src/lerobot/robots/lekiwi/config_lekiwi.py	3130	12da350183fa175e62680c6f0d20684b5c70b3b09cc616f030217707478fe90d	12da350183fa175e62680c6f0d20684b5c70b3b09cc616f030217707478fe90d	original
lerobot/src/lerobot/robots/lekiwi/lekiwi.mdx	lerobot/src/lerobot/robots/lekiwi/lekiwi.mdx	14363	ce2df7822ecd6710c860fbca3a6cc65bd94a464a71817211b929b6ef8c0fcb06	ce2df7822ecd6710c860fbca3a6cc65bd94a464a71817211b929b6ef8c0fcb06	original
lerobot/src/lerobot/robots/lekiwi/lekiwi.py	lerobot/src/lerobot/robots/lekiwi/lekiwi.py	16920	727acbcde1dc956bd159c8275ec4031ff755146b497c055bd32b9470eb4e6521	727acbcde1dc956bd159c8275ec4031ff755146b497c055bd32b9470eb4e6521	original
lerobot/src/lerobot/robots/lekiwi/lekiwi_client.py	lerobot/src/lerobot/robots/lekiwi/lekiwi_client.py	12334	ae466c05c318ad3dfffde2a866a59b5cdc5906c70dd3c001e80148b9a219d8d6	ae466c05c318ad3dfffde2a866a59b5cdc5906c70dd3c001e80148b9a219d8d6	original
lerobot/src/lerobot/robots/lekiwi/lekiwi_host.py	lerobot/src/lerobot/robots/lekiwi/lekiwi_host.py	4654	c4d6a3d00ea35b9e2154f9a213ec49b329dffc7b4c0c3491b8371177cd2209af	c4d6a3d00ea35b9e2154f9a213ec49b329dffc7b4c0c3491b8371177cd2209af	original
lerobot/src/lerobot/robots/omx_follower/__init__.py	lerobot/src/lerobot/robots/omx_follower/__init__.py	894	4b0025084b6b2db694628cf97231dd9181d91055ba65f1b83423ab47dc2a65da	4b0025084b6b2db694628cf97231dd9181d91055ba65f1b83423ab47dc2a65da	original
lerobot/src/lerobot/robots/omx_follower/config_omx_follower.py	lerobot/src/lerobot/robots/omx_follower/config_omx_follower.py	1456	784763a0ce77aa357983918c7b69490c8053ae4a6a0d559c81f186e71f15f9aa	784763a0ce77aa357983918c7b69490c8053ae4a6a0d559c81f186e71f15f9aa	original
lerobot/src/lerobot/robots/omx_follower/omx_follower.py	lerobot/src/lerobot/robots/omx_follower/omx_follower.py	9804	1eb4b2915afa6893ddaf74a046056cd39714ca0487014de1b081b34988e3b538	1eb4b2915afa6893ddaf74a046056cd39714ca0487014de1b081b34988e3b538	original
lerobot/src/lerobot/robots/openarm_follower/__init__.py	lerobot/src/lerobot/robots/openarm_follower/__init__.py	852	b06311aa94e353413db7fdee1e2cae290ecc53ea42e95aad50ba86fdb82f50d6	b06311aa94e353413db7fdee1e2cae290ecc53ea42e95aad50ba86fdb82f50d6	original
lerobot/src/lerobot/robots/openarm_follower/config_openarm_follower.py	lerobot/src/lerobot/robots/openarm_follower/config_openarm_follower.py	4992	456cc95337c619ef915b1262ea36296a1299efb2263f7e9aece4ff5925b6f96d	456cc95337c619ef915b1262ea36296a1299efb2263f7e9aece4ff5925b6f96d	original
lerobot/src/lerobot/robots/openarm_follower/openarm_follower.py	lerobot/src/lerobot/robots/openarm_follower/openarm_follower.py	13400	df31c1e2deb5dd3868963c0a3a20bce4e273c71742ee3b8d28e0da13f9a2e3df	df31c1e2deb5dd3868963c0a3a20bce4e273c71742ee3b8d28e0da13f9a2e3df	original
lerobot/src/lerobot/robots/reachy2/__init__.py	lerobot/src/lerobot/robots/reachy2/__init__.py	1055	04333907ef78bfa1ebbbaa6cdfc6105af5bb93b54078fbbd401dc292a85cad44	04333907ef78bfa1ebbbaa6cdfc6105af5bb93b54078fbbd401dc292a85cad44	original
lerobot/src/lerobot/robots/reachy2/configuration_reachy2.py	lerobot/src/lerobot/robots/reachy2/configuration_reachy2.py	4422	aa7275a09dc2d046828178ded4e2b546db68501ea2a6cc0f1e51d19b1cfcd5d2	aa7275a09dc2d046828178ded4e2b546db68501ea2a6cc0f1e51d19b1cfcd5d2	original
lerobot/src/lerobot/robots/reachy2/robot_reachy2.py	lerobot/src/lerobot/robots/reachy2/robot_reachy2.py	8098	c39dbf04d11491a477daf212e53b61f6b1803460093be6ef83a603e06b7a11d7	c39dbf04d11491a477daf212e53b61f6b1803460093be6ef83a603e06b7a11d7	original
lerobot/src/lerobot/robots/rebot_b601_follower/__init__.py	lerobot/src/lerobot/robots/rebot_b601_follower/__init__.py	872	b3066bd97676304d0f121f9fb34ea2f396f47222765d9736af608640aac5ca63	b3066bd97676304d0f121f9fb34ea2f396f47222765d9736af608640aac5ca63	original
lerobot/src/lerobot/robots/rebot_b601_follower/config_rebot_b601_follower.py	lerobot/src/lerobot/robots/rebot_b601_follower/config_rebot_b601_follower.py	4019	9c494281b79cdeaa209a0aca2c8376e83a1f29186e5f39de9247f2d5fbbacb35	9c494281b79cdeaa209a0aca2c8376e83a1f29186e5f39de9247f2d5fbbacb35	original
lerobot/src/lerobot/robots/rebot_b601_follower/rebot_b601_follower.py	lerobot/src/lerobot/robots/rebot_b601_follower/rebot_b601_follower.py	13388	9fae7c946cc589e9a37b8235e05224c93200779d1c480179f4b3447f4e06b704	9fae7c946cc589e9a37b8235e05224c93200779d1c480179f4b3447f4e06b704	original
lerobot/src/lerobot/robots/robot.py	lerobot/src/lerobot/robots/robot.py	7727	08caa42080a2cf01ce05b539a071eb03c9d70332a429e0c80d532468e29a63d7	08caa42080a2cf01ce05b539a071eb03c9d70332a429e0c80d532468e29a63d7	original
lerobot/src/lerobot/robots/so_follower/__init__.py	lerobot/src/lerobot/robots/so_follower/__init__.py	1018	9ab5f3cec0ba50ce2ac48650563f9e75c6b9019f43313beba35d5772131d3774	9ab5f3cec0ba50ce2ac48650563f9e75c6b9019f43313beba35d5772131d3774	original
lerobot/src/lerobot/robots/so_follower/config_so_follower.py	lerobot/src/lerobot/robots/so_follower/config_so_follower.py	1747	f68219e486a94107c83b607b96af5c856f0c95dac7481b08dcc8c0c1dc629bd5	f68219e486a94107c83b607b96af5c856f0c95dac7481b08dcc8c0c1dc629bd5	original
lerobot/src/lerobot/robots/so_follower/robot_kinematic_processor.py	lerobot/src/lerobot/robots/so_follower/robot_kinematic_processor.py	26391	b07b12fc84a93f3d535aea4e193faa371be2fdaed078318604ec4fe417582013	b07b12fc84a93f3d535aea4e193faa371be2fdaed078318604ec4fe417582013	original
lerobot/src/lerobot/robots/so_follower/so100.md	lerobot/src/lerobot/robots/so_follower/so100.md	19908	f25586ff96ba4af49184ce62e9a6861307ef03cde132b777e45da77b72e234c2	f25586ff96ba4af49184ce62e9a6861307ef03cde132b777e45da77b72e234c2	original
lerobot/src/lerobot/robots/so_follower/so101.md	lerobot/src/lerobot/robots/so_follower/so101.md	14708	0d84a63647e64cc65edc622ed1c781e7c5b99e36b8e7502a40fcb65fa16c1e53	0d84a63647e64cc65edc622ed1c781e7c5b99e36b8e7502a40fcb65fa16c1e53	original
lerobot/src/lerobot/robots/so_follower/so_follower.py	lerobot/src/lerobot/robots/so_follower/so_follower.py	10357	3c599e138895b22240bcd14bd143c41b7dd9f8de962a01d89eda9824bcc71af5	3c599e138895b22240bcd14bd143c41b7dd9f8de962a01d89eda9824bcc71af5	original
lerobot/src/lerobot/robots/unitree_g1/__init__.py	lerobot/src/lerobot/robots/unitree_g1/__init__.py	760	c3a8c99dfb8d76b4a6df09c3cb33c2bbc02dc219a41d1bb655ff214f985b149b	c3a8c99dfb8d76b4a6df09c3cb33c2bbc02dc219a41d1bb655ff214f985b149b	original
lerobot/src/lerobot/robots/unitree_g1/config_unitree_g1.py	lerobot/src/lerobot/robots/unitree_g1/config_unitree_g1.py	2672	910cf80d52c06ae7c5c669189ea6cb09d2a618043c14bec440515e9c829b691c	910cf80d52c06ae7c5c669189ea6cb09d2a618043c14bec440515e9c829b691c	original
lerobot/src/lerobot/robots/unitree_g1/g1_kinematics.py	lerobot/src/lerobot/robots/unitree_g1/g1_kinematics.py	10963	45eec371accf7ccb1a14ce80a19c22727b680bf94ddbffcb549b1787d9a2d52c	45eec371accf7ccb1a14ce80a19c22727b680bf94ddbffcb549b1787d9a2d52c	original
lerobot/src/lerobot/robots/unitree_g1/g1_utils.py	lerobot/src/lerobot/robots/unitree_g1/g1_utils.py	3331	df2ddb5792f7bd717bbacb36113e46eb5edfe1b1766a2547b41979b8833bfacc	df2ddb5792f7bd717bbacb36113e46eb5edfe1b1766a2547b41979b8833bfacc	original
lerobot/src/lerobot/robots/unitree_g1/gr00t_locomotion.py	lerobot/src/lerobot/robots/unitree_g1/gr00t_locomotion.py	7553	60e4b7c228d8195542fab2651e1ab6c00b688c05436bc9aef567762252a32adf	60e4b7c228d8195542fab2651e1ab6c00b688c05436bc9aef567762252a32adf	original
lerobot/src/lerobot/robots/unitree_g1/holosoma_locomotion.py	lerobot/src/lerobot/robots/unitree_g1/holosoma_locomotion.py	7354	2b65bea99e68c40a72edadc58f9141ac4c89b467f7e82e1138c1fee10bb79113	2b65bea99e68c40a72edadc58f9141ac4c89b467f7e82e1138c1fee10bb79113	original
lerobot/src/lerobot/robots/unitree_g1/run_g1_server.py	lerobot/src/lerobot/robots/unitree_g1/run_g1_server.py	8486	bde797e0ac7454f2b7ad869306b75ad23def4640589d20b4a11128cc7d32f066	bde797e0ac7454f2b7ad869306b75ad23def4640589d20b4a11128cc7d32f066	original
lerobot/src/lerobot/robots/unitree_g1/unitree_g1.py	lerobot/src/lerobot/robots/unitree_g1/unitree_g1.py	22821	09744b1584989ef5e66a57110bf8bcc224bb41040ba37e1229f09984d4f08b7a	09744b1584989ef5e66a57110bf8bcc224bb41040ba37e1229f09984d4f08b7a	original
lerobot/src/lerobot/robots/unitree_g1/unitree_sdk2_socket.py	lerobot/src/lerobot/robots/unitree_g1/unitree_sdk2_socket.py	6190	94810ca18b05c7afb38f3c5c7be53a35ab49011ed45b76deee170ea2b2681d3c	94810ca18b05c7afb38f3c5c7be53a35ab49011ed45b76deee170ea2b2681d3c	original
lerobot/src/lerobot/robots/utils.py	lerobot/src/lerobot/robots/utils.py	4522	eb6a5039cd553a15e5a5c6888d2ce4989afc3e38103e89f9b913276110f30a42	eb6a5039cd553a15e5a5c6888d2ce4989afc3e38103e89f9b913276110f30a42	original
lerobot/src/lerobot/rollout/__init__.py	lerobot/src/lerobot/rollout/__init__.py	2355	014964cb91a3f39fca11f3b0705598042502c6965212d0352bd686f7b81967ce	014964cb91a3f39fca11f3b0705598042502c6965212d0352bd686f7b81967ce	original
lerobot/src/lerobot/rollout/configs.py	lerobot/src/lerobot/rollout/configs.py	15288	d68170ce937b9e48bca6d6020d40883c2b551800db1b8375a48913c6f98ae01d	d68170ce937b9e48bca6d6020d40883c2b551800db1b8375a48913c6f98ae01d	original
lerobot/src/lerobot/rollout/context.py	lerobot/src/lerobot/rollout/context.py	18929	64f56b6b318b1fcfdb1a7562b0eebcd06cbbc76d980e3821cd47b1370d27b0d1	64f56b6b318b1fcfdb1a7562b0eebcd06cbbc76d980e3821cd47b1370d27b0d1	original
lerobot/src/lerobot/rollout/inference/__init__.py	lerobot/src/lerobot/rollout/inference/__init__.py	1266	ee4cde62c9c620e663d1bb845e5cfcc4f57c019b32af72406917d09251a83de1	ee4cde62c9c620e663d1bb845e5cfcc4f57c019b32af72406917d09251a83de1	original
lerobot/src/lerobot/rollout/inference/base.py	lerobot/src/lerobot/rollout/inference/base.py	3024	a511b7de8dc9edd375e709ad53e8f856855dd184b0cccb3160df2201aec2194e	a511b7de8dc9edd375e709ad53e8f856855dd184b0cccb3160df2201aec2194e	original
lerobot/src/lerobot/rollout/inference/factory.py	lerobot/src/lerobot/rollout/inference/factory.py	4302	a08476daef24714d05fdbcfdc5217914758ecff52f11033ff23782599e9fb26a	a08476daef24714d05fdbcfdc5217914758ecff52f11033ff23782599e9fb26a	original
lerobot/src/lerobot/rollout/inference/rtc.py	lerobot/src/lerobot/rollout/inference/rtc.py	15172	3a6b3745f92600d1f70afc2d0d81ba84be244d6878d1108d11dadae2f870e8a0	3a6b3745f92600d1f70afc2d0d81ba84be244d6878d1108d11dadae2f870e8a0	original
lerobot/src/lerobot/rollout/inference/sync.py	lerobot/src/lerobot/rollout/inference/sync.py	5000	42a241c2ac196910e7308d2975184e30784e03f7dd834956f9f53d3c006065d2	42a241c2ac196910e7308d2975184e30784e03f7dd834956f9f53d3c006065d2	original
lerobot/src/lerobot/rollout/ring_buffer.py	lerobot/src/lerobot/rollout/ring_buffer.py	4064	4ad909bcc58c4da8f78abc4f245583c02d690d691bc72692045397e7a67f6883	4ad909bcc58c4da8f78abc4f245583c02d690d691bc72692045397e7a67f6883	original
lerobot/src/lerobot/rollout/robot_wrapper.py	lerobot/src/lerobot/rollout/robot_wrapper.py	2461	bc3f2839bea388254c4afd5a702d625448234763110efb9c054238bbeb675d7d	bc3f2839bea388254c4afd5a702d625448234763110efb9c054238bbeb675d7d	original
lerobot/src/lerobot/rollout/strategies/__init__.py	lerobot/src/lerobot/rollout/strategies/__init__.py	1307	6fef8df67dc9147d7d97235fd758abfc9da0fa804fcb2ea705495b418a474494	6fef8df67dc9147d7d97235fd758abfc9da0fa804fcb2ea705495b418a474494	original
lerobot/src/lerobot/rollout/strategies/base.py	lerobot/src/lerobot/rollout/strategies/base.py	3280	86b6059b5845c4c40937f8946bd0b23ca083eb1fb309897d635d47d395492dba	86b6059b5845c4c40937f8946bd0b23ca083eb1fb309897d635d47d395492dba	original
lerobot/src/lerobot/rollout/strategies/core.py	lerobot/src/lerobot/rollout/strategies/core.py	12802	93336340a9a631541585b28d05a249285ce1e757ac58fb9afafa9d876cb67ed0	93336340a9a631541585b28d05a249285ce1e757ac58fb9afafa9d876cb67ed0	original
lerobot/src/lerobot/rollout/strategies/dagger.py	lerobot/src/lerobot/rollout/strategies/dagger.py	32612	ca11fd789d9fa618aa53ab711b5f89cec023a66f3449d3687b2094233820e2dd	ca11fd789d9fa618aa53ab711b5f89cec023a66f3449d3687b2094233820e2dd	original
lerobot/src/lerobot/rollout/strategies/episodic.py	lerobot/src/lerobot/rollout/strategies/episodic.py	13917	a3d64a05cf4f8d8fc7ba25737b627efafdf12a65877ad2d864a032eafcff72cd	a3d64a05cf4f8d8fc7ba25737b627efafdf12a65877ad2d864a032eafcff72cd	original
lerobot/src/lerobot/rollout/strategies/factory.py	lerobot/src/lerobot/rollout/strategies/factory.py	1762	7c0238b9ccba4debfa779cf9d3d90d8d78a507c2076ad02696dd58fc4218fadf	7c0238b9ccba4debfa779cf9d3d90d8d78a507c2076ad02696dd58fc4218fadf	original
lerobot/src/lerobot/rollout/strategies/highlight.py	lerobot/src/lerobot/rollout/strategies/highlight.py	11658	9f0bc9871b3d3cc2fc017fec1fd0c69028d7001ee801ea8a6e931df14d96ab67	9f0bc9871b3d3cc2fc017fec1fd0c69028d7001ee801ea8a6e931df14d96ab67	original
lerobot/src/lerobot/rollout/strategies/sentry.py	lerobot/src/lerobot/rollout/strategies/sentry.py	10600	63e4b584dc0335a3ec634b81b70413e38faa7a5e91ea9f816061e2f85c29f07c	63e4b584dc0335a3ec634b81b70413e38faa7a5e91ea9f816061e2f85c29f07c	original
lerobot/src/lerobot/scripts/augment_dataset_quantile_stats.py	lerobot/src/lerobot/scripts/augment_dataset_quantile_stats.py	8700	a65e4c7b01033b714e2267541e5bffe1df838956f30bc9e30236d1d26385491e	a65e4c7b01033b714e2267541e5bffe1df838956f30bc9e30236d1d26385491e	original
lerobot/src/lerobot/scripts/convert_dataset_v21_to_v30.py	lerobot/src/lerobot/scripts/convert_dataset_v21_to_v30.py	20440	2e6fc1909ffe55492f6eb5cd8e77878428212325e7384fe877c3357d37462c4f	2e6fc1909ffe55492f6eb5cd8e77878428212325e7384fe877c3357d37462c4f	original
lerobot/src/lerobot/scripts/lerobot_annotate.py	lerobot/src/lerobot/scripts/lerobot_annotate.py	8171	b9e868a710c497f40d36269ac292054eddd63a3250bc91bd65253b02b057b4ac	b9e868a710c497f40d36269ac292054eddd63a3250bc91bd65253b02b057b4ac	original
lerobot/src/lerobot/scripts/lerobot_calibrate.py	lerobot/src/lerobot/scripts/lerobot_calibrate.py	2754	390e3c411b5fd8362fc32d9320bb0eed84d102501de616f85b03c38c7eb11553	390e3c411b5fd8362fc32d9320bb0eed84d102501de616f85b03c38c7eb11553	original
lerobot/src/lerobot/scripts/lerobot_dataset_viz.py	lerobot/src/lerobot/scripts/lerobot_dataset_viz.py	15961	63485a3d3519df2d6fd8142a50029115e27675d3f2e977396e71ad58c2f18ee2	63485a3d3519df2d6fd8142a50029115e27675d3f2e977396e71ad58c2f18ee2	original
lerobot/src/lerobot/scripts/lerobot_edit_dataset.py	lerobot/src/lerobot/scripts/lerobot_edit_dataset.py	31963	bcf6017b0a862008a673b80c4635607da8a53f4e9a17174eb5e5e60a7622fa1c	bcf6017b0a862008a673b80c4635607da8a53f4e9a17174eb5e5e60a7622fa1c	original
lerobot/src/lerobot/scripts/lerobot_eval.py	lerobot/src/lerobot/scripts/lerobot_eval.py	44845	68bbf0c51b478cf8e9c6524b56a724046fb0d6b3257a2475982b102e80747b25	68bbf0c51b478cf8e9c6524b56a724046fb0d6b3257a2475982b102e80747b25	original
lerobot/src/lerobot/scripts/lerobot_find_cameras.py	lerobot/src/lerobot/scripts/lerobot_find_cameras.py	11252	ef5abbee777f83acec1cc4e7fc46197b8d0f1a4e9ae912203724f5114ce426b2	ef5abbee777f83acec1cc4e7fc46197b8d0f1a4e9ae912203724f5114ce426b2	original
lerobot/src/lerobot/scripts/lerobot_find_joint_limits.py	lerobot/src/lerobot/scripts/lerobot_find_joint_limits.py	6846	84e66e67adb9a1d347d17a23c7bbd359a2061d9bc50c723cd082650a273eea51	84e66e67adb9a1d347d17a23c7bbd359a2061d9bc50c723cd082650a273eea51	original
lerobot/src/lerobot/scripts/lerobot_find_port.py	lerobot/src/lerobot/scripts/lerobot_find_port.py	2221	b2abc9b0f48ed075ab6ea4ccf0d4ae1c943f92a6ba25d8b07e4a1db96b61f69c	b2abc9b0f48ed075ab6ea4ccf0d4ae1c943f92a6ba25d8b07e4a1db96b61f69c	original
lerobot/src/lerobot/scripts/lerobot_imgtransform_viz.py	lerobot/src/lerobot/scripts/lerobot_imgtransform_viz.py	4925	f31b808d81dfa2bb008b18794f7c5ad5aaf9111846d048c88a9e62c62d8cff67	f31b808d81dfa2bb008b18794f7c5ad5aaf9111846d048c88a9e62c62d8cff67	original
lerobot/src/lerobot/scripts/lerobot_info.py	lerobot/src/lerobot/scripts/lerobot_info.py	4135	d7f7a1e7a08b8e6ebeefc584799c00843b76ed439157d7672cbfb62cddf1f1ca	d7f7a1e7a08b8e6ebeefc584799c00843b76ed439157d7672cbfb62cddf1f1ca	original
lerobot/src/lerobot/scripts/lerobot_record.py	lerobot/src/lerobot/scripts/lerobot_record.py	21664	15bbe49f6833efb59cc6c3d4ae0f5fb468d248fd26cfb2d2ca60398272c429d5	15bbe49f6833efb59cc6c3d4ae0f5fb468d248fd26cfb2d2ca60398272c429d5	original
lerobot/src/lerobot/scripts/lerobot_replay.py	lerobot/src/lerobot/scripts/lerobot_replay.py	3977	3416aab77f0641f19422ff60ee992e1dae14504213edf2e50135432450809f67	3416aab77f0641f19422ff60ee992e1dae14504213edf2e50135432450809f67	original
lerobot/src/lerobot/scripts/lerobot_rollout.py	lerobot/src/lerobot/scripts/lerobot_rollout.py	8557	a9c1c297d6ab622a487a33672f332284000816fa25a90eaf86392bb3ea05d972	a9c1c297d6ab622a487a33672f332284000816fa25a90eaf86392bb3ea05d972	original
lerobot/src/lerobot/scripts/lerobot_setup_can.py	lerobot/src/lerobot/scripts/lerobot_setup_can.py	11247	3106ab86df6525c9256fa5aff0fd269b257ca13915049fad7c0b67edf0949231	3106ab86df6525c9256fa5aff0fd269b257ca13915049fad7c0b67edf0949231	original
lerobot/src/lerobot/scripts/lerobot_setup_motors.py	lerobot/src/lerobot/scripts/lerobot_setup_motors.py	2281	248d8c848038a915e47f04e3d0896239dd8cdd1e1a000f23f289af9e11d6902f	248d8c848038a915e47f04e3d0896239dd8cdd1e1a000f23f289af9e11d6902f	original
lerobot/src/lerobot/scripts/lerobot_teleoperate.py	lerobot/src/lerobot/scripts/lerobot_teleoperate.py	10377	2f2b2a9bb822d1b33b0033e9a2b0664649f959ef7da45d48629368a63ff9cf1a	2f2b2a9bb822d1b33b0033e9a2b0664649f959ef7da45d48629368a63ff9cf1a	original
lerobot/src/lerobot/scripts/lerobot_train.py	lerobot/src/lerobot/scripts/lerobot_train.py	35034	874e80ef1ddf4cb62fcfde4e8c3491e9cf572eb68022551a55e0c2f907dbfae5	874e80ef1ddf4cb62fcfde4e8c3491e9cf572eb68022551a55e0c2f907dbfae5	original
lerobot/src/lerobot/scripts/lerobot_train_tokenizer.py	lerobot/src/lerobot/scripts/lerobot_train_tokenizer.py	22640	46594fade0e99be2b33fcf0b802bb8db2f255b4129b0b8c6a333c2c382f75330	46594fade0e99be2b33fcf0b802bb8db2f255b4129b0b8c6a333c2c382f75330	original
lerobot/src/lerobot/teleoperators/__init__.py	lerobot/src/lerobot/teleoperators/__init__.py	875	1f9335d5abb5ec9790531a87fa5bbb35970bd8edd05fae72bc20a7c6c52df3b5	1f9335d5abb5ec9790531a87fa5bbb35970bd8edd05fae72bc20a7c6c52df3b5	original
lerobot/src/lerobot/teleoperators/bi_openarm_leader/__init__.py	lerobot/src/lerobot/teleoperators/bi_openarm_leader/__init__.py	798	970919ed4dce135bfa3ca5a2151254f1b2a5e085e598a53b66228f43097dbecf	970919ed4dce135bfa3ca5a2151254f1b2a5e085e598a53b66228f43097dbecf	original
lerobot/src/lerobot/teleoperators/bi_openarm_leader/bi_openarm_leader.py	lerobot/src/lerobot/teleoperators/bi_openarm_leader/bi_openarm_leader.py	4289	2c07d6d9e4a8e575e6ce63baa0d5b8e97d10ae31bf38f05792a5599a9d83d76e	2c07d6d9e4a8e575e6ce63baa0d5b8e97d10ae31bf38f05792a5599a9d83d76e	original
lerobot/src/lerobot/teleoperators/bi_openarm_leader/config_bi_openarm_leader.py	lerobot/src/lerobot/teleoperators/bi_openarm_leader/config_bi_openarm_leader.py	1043	52cbb1d12a3eeb107e8f8783da163c810d7f7427af1290a4875416cf12d06802	52cbb1d12a3eeb107e8f8783da163c810d7f7427af1290a4875416cf12d06802	original
lerobot/src/lerobot/teleoperators/bi_openarm_mini/__init__.py	lerobot/src/lerobot/teleoperators/bi_openarm_mini/__init__.py	786	ffa184cc63f9f470c5bdf34ddce752729fb95044a53e7c5ec77e1bc8e9b7a112	ffa184cc63f9f470c5bdf34ddce752729fb95044a53e7c5ec77e1bc8e9b7a112	original
lerobot/src/lerobot/teleoperators/bi_openarm_mini/bi_openarm_mini.py	lerobot/src/lerobot/teleoperators/bi_openarm_mini/bi_openarm_mini.py	3820	2c1d79d39b2b2add6d1ccd46110a7c7d8c13bb991e0e3263de5e882470d539af	2c1d79d39b2b2add6d1ccd46110a7c7d8c13bb991e0e3263de5e882470d539af	original
lerobot/src/lerobot/teleoperators/bi_openarm_mini/config_bi_openarm_mini.py	lerobot/src/lerobot/teleoperators/bi_openarm_mini/config_bi_openarm_mini.py	1029	561e4c36c66558850a2c864e12ed1b0f7330c7490646038654024dd66111de6d	561e4c36c66558850a2c864e12ed1b0f7330c7490646038654024dd66111de6d	original
lerobot/src/lerobot/teleoperators/bi_rebot_102_leader/__init__.py	lerobot/src/lerobot/teleoperators/bi_rebot_102_leader/__init__.py	806	a7b9f1478b049a49df2f4fc931f15c051ea5129fb8c579a74405f8456854413a	a7b9f1478b049a49df2f4fc931f15c051ea5129fb8c579a74405f8456854413a	original
lerobot/src/lerobot/teleoperators/bi_rebot_102_leader/bi_rebot_102_leader.py	lerobot/src/lerobot/teleoperators/bi_rebot_102_leader/bi_rebot_102_leader.py	3489	714cf25cbea510633ceb9d3878478b5cb3dfab36b3c98ff97a4a8bd825050c67	714cf25cbea510633ceb9d3878478b5cb3dfab36b3c98ff97a4a8bd825050c67	original
lerobot/src/lerobot/teleoperators/bi_rebot_102_leader/config_bi_rebot_102_leader.py	lerobot/src/lerobot/teleoperators/bi_rebot_102_leader/config_bi_rebot_102_leader.py	1063	4ec7f40a5a9c1f15148391b8d90004e009b5c9b7903b3d9ae056757c01932abb	4ec7f40a5a9c1f15148391b8d90004e009b5c9b7903b3d9ae056757c01932abb	original
lerobot/src/lerobot/teleoperators/bi_so_leader/__init__.py	lerobot/src/lerobot/teleoperators/bi_so_leader/__init__.py	736	b6fe5a2fba8d7542b474ae3522b82a3f47f3bd1d255b10776911e9d61620addb	b6fe5a2fba8d7542b474ae3522b82a3f47f3bd1d255b10776911e9d61620addb	original
lerobot/src/lerobot/teleoperators/bi_so_leader/bi_so_leader.py	lerobot/src/lerobot/teleoperators/bi_so_leader/bi_so_leader.py	3070	2ac8b9f74ceaf77f1a880f202d657f510ea6a0485f8ee5d6a5b32ad6b5990ba1	2ac8b9f74ceaf77f1a880f202d657f510ea6a0485f8ee5d6a5b32ad6b5990ba1	original
lerobot/src/lerobot/teleoperators/bi_so_leader/config_bi_so_leader.py	lerobot/src/lerobot/teleoperators/bi_so_leader/config_bi_so_leader.py	996	c2167aba87a3a58575e862dbce8db43154096850e90b5da94db48d242857953f	c2167aba87a3a58575e862dbce8db43154096850e90b5da94db48d242857953f	original
lerobot/src/lerobot/teleoperators/config.py	lerobot/src/lerobot/teleoperators/config.py	1063	cc9bacc17230e4c0d1532ee4c998a9d2aa4d6ec374f4606e7f447f1e3c94ba28	cc9bacc17230e4c0d1532ee4c998a9d2aa4d6ec374f4606e7f447f1e3c94ba28	original
lerobot/src/lerobot/teleoperators/gamepad/__init__.py	lerobot/src/lerobot/teleoperators/gamepad/__init__.py	785	cef801b105caacb92721f3be6922abcd26c5174a79ab1be92cc06b9bd6a974cf	cef801b105caacb92721f3be6922abcd26c5174a79ab1be92cc06b9bd6a974cf	original
lerobot/src/lerobot/teleoperators/gamepad/configuration_gamepad.py	lerobot/src/lerobot/teleoperators/gamepad/configuration_gamepad.py	848	a7d9b9faa048e816ddbffb83cd79507eb19008de95949a7b1134b42fe7dd6655	a7d9b9faa048e816ddbffb83cd79507eb19008de95949a7b1134b42fe7dd6655	original
lerobot/src/lerobot/teleoperators/gamepad/gamepad_utils.py	lerobot/src/lerobot/teleoperators/gamepad/gamepad_utils.py	17742	32201e25ee71fcaecbd14511289c7deae1aeae6075206cb68b69b9f253637795	32201e25ee71fcaecbd14511289c7deae1aeae6075206cb68b69b9f253637795	original
lerobot/src/lerobot/teleoperators/gamepad/teleop_gamepad.py	lerobot/src/lerobot/teleoperators/gamepad/teleop_gamepad.py	5902	d3be11f7ad62ff9547b6693f1bb7a533e5bd06c97bf4e329fb9aaab068c7ee17	d3be11f7ad62ff9547b6693f1bb7a533e5bd06c97bf4e329fb9aaab068c7ee17	original
lerobot/src/lerobot/teleoperators/homunculus/__init__.py	lerobot/src/lerobot/teleoperators/homunculus/__init__.py	1017	954c3e1ddc9ab6ab8d1746b2faa8a8518108e683ea0e6c029b3d2892d2d76d07	954c3e1ddc9ab6ab8d1746b2faa8a8518108e683ea0e6c029b3d2892d2d76d07	original
lerobot/src/lerobot/teleoperators/homunculus/config_homunculus.py	lerobot/src/lerobot/teleoperators/homunculus/config_homunculus.py	1245	4d73d21d5d1fc6ec80ece3e0a05b2319ee07a7de48bb5b2e42e45b963db72f8e	4d73d21d5d1fc6ec80ece3e0a05b2319ee07a7de48bb5b2e42e45b963db72f8e	original
lerobot/src/lerobot/teleoperators/homunculus/homunculus_arm.py	lerobot/src/lerobot/teleoperators/homunculus/homunculus_arm.py	12059	3ec09ea5f3ee60da99fb9a736535a93c79365563b2590e492c632331c8464e60	3ec09ea5f3ee60da99fb9a736535a93c79365563b2590e492c632331c8464e60	original
lerobot/src/lerobot/teleoperators/homunculus/homunculus_glove.py	lerobot/src/lerobot/teleoperators/homunculus/homunculus_glove.py	13218	326a2f64440409091d490a6e3c77e0e7ed4bbd99c05760cf5e8a68a1fa0e1d9a	326a2f64440409091d490a6e3c77e0e7ed4bbd99c05760cf5e8a68a1fa0e1d9a	original
lerobot/src/lerobot/teleoperators/homunculus/joints_translation.py	lerobot/src/lerobot/teleoperators/homunculus/joints_translation.py	2865	727e1a242f1c913b337090fe1ccca146a93abdbbe3aa0130ed76a073affab13b	727e1a242f1c913b337090fe1ccca146a93abdbbe3aa0130ed76a073affab13b	original
lerobot/src/lerobot/teleoperators/keyboard/__init__.py	lerobot/src/lerobot/teleoperators/keyboard/__init__.py	1058	1a83c9d7194110f8252dc6475efb3872b4d2f6db847e223b08f0b0c3dd5a8fb4	1a83c9d7194110f8252dc6475efb3872b4d2f6db847e223b08f0b0c3dd5a8fb4	original
lerobot/src/lerobot/teleoperators/keyboard/configuration_keyboard.py	lerobot/src/lerobot/teleoperators/keyboard/configuration_keyboard.py	2490	0a178bf8d9226ed7421123df8e18f2055f60abe262a78a54a9f766b703794ad0	0a178bf8d9226ed7421123df8e18f2055f60abe262a78a54a9f766b703794ad0	original
lerobot/src/lerobot/teleoperators/keyboard/teleop_keyboard.py	lerobot/src/lerobot/teleoperators/keyboard/teleop_keyboard.py	15149	fe9c75631b610c7e1086bf7088e230ed3a38244b91770098ba10b74c856837e8	fe9c75631b610c7e1086bf7088e230ed3a38244b91770098ba10b74c856837e8	original
lerobot/src/lerobot/teleoperators/koch_leader/__init__.py	lerobot/src/lerobot/teleoperators/koch_leader/__init__.py	766	d4e10132864f4a88a6c1319569e80eaf6daf217805bdecb639749be79d3f0a63	d4e10132864f4a88a6c1319569e80eaf6daf217805bdecb639749be79d3f0a63	original
lerobot/src/lerobot/teleoperators/koch_leader/config_koch_leader.py	lerobot/src/lerobot/teleoperators/koch_leader/config_koch_leader.py	1087	56c35642f5b7910d1e8865be003f4285111f4c061329e82518451e13d6648fad	56c35642f5b7910d1e8865be003f4285111f4c061329e82518451e13d6648fad	original
lerobot/src/lerobot/teleoperators/koch_leader/koch_leader.py	lerobot/src/lerobot/teleoperators/koch_leader/koch_leader.py	7697	c897c5cdbc3c91b41e96d68d022da4d7a509a18ec47933461b31ac929b4e28a0	c897c5cdbc3c91b41e96d68d022da4d7a509a18ec47933461b31ac929b4e28a0	original
lerobot/src/lerobot/teleoperators/omx_leader/__init__.py	lerobot/src/lerobot/teleoperators/omx_leader/__init__.py	760	7bfa697de674898143918fc98c5894d1096a27ed97b9e4a378d541bc40bda0de	7bfa697de674898143918fc98c5894d1096a27ed97b9e4a378d541bc40bda0de	original
lerobot/src/lerobot/teleoperators/omx_leader/config_omx_leader.py	lerobot/src/lerobot/teleoperators/omx_leader/config_omx_leader.py	1085	cb1d8d4b776955edbb0370d5b9297014922b059f683a6d3d3988b27cff0e5f8d	cb1d8d4b776955edbb0370d5b9297014922b059f683a6d3d3988b27cff0e5f8d	original
lerobot/src/lerobot/teleoperators/omx_leader/omx_leader.py	lerobot/src/lerobot/teleoperators/omx_leader/omx_leader.py	6953	ae844d3ee5f26bcdd033f09e2ee42daf2ce4d50923cd573aadc6515bf29ccf16	ae844d3ee5f26bcdd033f09e2ee42daf2ce4d50923cd573aadc6515bf29ccf16	original
lerobot/src/lerobot/teleoperators/openarm_leader/__init__.py	lerobot/src/lerobot/teleoperators/openarm_leader/__init__.py	836	1dda47ccb128b52e1e8efe4bdbdbafa55036fce87d4a7bd313049783566f8088	1dda47ccb128b52e1e8efe4bdbdbafa55036fce87d4a7bd313049783566f8088	original
lerobot/src/lerobot/teleoperators/openarm_leader/config_openarm_leader.py	lerobot/src/lerobot/teleoperators/openarm_leader/config_openarm_leader.py	3399	2a6b52cf134b8519b720cda46d9e276eb683221dca884e7c7f6abe75f8b27b64	2a6b52cf134b8519b720cda46d9e276eb683221dca884e7c7f6abe75f8b27b64	original
lerobot/src/lerobot/teleoperators/openarm_leader/openarm_leader.py	lerobot/src/lerobot/teleoperators/openarm_leader/openarm_leader.py	8044	a7e00c9fbf7f69b7f27dc990a00b4710a413036d2e99026e049d7b7fdbcd04ea	a7e00c9fbf7f69b7f27dc990a00b4710a413036d2e99026e049d7b7fdbcd04ea	original
lerobot/src/lerobot/teleoperators/openarm_mini/__init__.py	lerobot/src/lerobot/teleoperators/openarm_mini/__init__.py	820	87de20c7027f18fd776b8c75464d5cb75ad81e8c6023eca088d639ed063127d6	87de20c7027f18fd776b8c75464d5cb75ad81e8c6023eca088d639ed063127d6	original
lerobot/src/lerobot/teleoperators/openarm_mini/config_openarm_mini.py	lerobot/src/lerobot/teleoperators/openarm_mini/config_openarm_mini.py	1272	51d33a3259df71778d8f92bf683a66707fcae283eb6a2f1d7e97fbd8cd30cb87	51d33a3259df71778d8f92bf683a66707fcae283eb6a2f1d7e97fbd8cd30cb87	original
lerobot/src/lerobot/teleoperators/openarm_mini/openarm_mini.py	lerobot/src/lerobot/teleoperators/openarm_mini/openarm_mini.py	10128	c2283d47526b27270d7e5b227a3fd874900803478ac932459770ca4164e16125	c2283d47526b27270d7e5b227a3fd874900803478ac932459770ca4164e16125	original
lerobot/src/lerobot/teleoperators/phone/__init__.py	lerobot/src/lerobot/teleoperators/phone/__init__.py	741	b338ca035ece667680c6254c57d316cf98fa3b552725c5a237219419be5d9a2c	b338ca035ece667680c6254c57d316cf98fa3b552725c5a237219419be5d9a2c	original
lerobot/src/lerobot/teleoperators/phone/config_phone.py	lerobot/src/lerobot/teleoperators/phone/config_phone.py	1076	bcd93f16fb3ec07cc202970ecb467fee924251111e50630764da9a30690755ca	bcd93f16fb3ec07cc202970ecb467fee924251111e50630764da9a30690755ca	original
lerobot/src/lerobot/teleoperators/phone/phone_processor.py	lerobot/src/lerobot/teleoperators/phone/phone_processor.py	4346	64f84101f50043694474837cabe67c45eff460a3cd0aa3ff84c1997aebbab2a3	64f84101f50043694474837cabe67c45eff460a3cd0aa3ff84c1997aebbab2a3	original
lerobot/src/lerobot/teleoperators/phone/teleop_phone.py	lerobot/src/lerobot/teleoperators/phone/teleop_phone.py	16228	5b76ec544fcd74c0ef6ffaf848d534399eb1c70e4777db3e2ba170a000b2e7bf	5b76ec544fcd74c0ef6ffaf848d534399eb1c70e4777db3e2ba170a000b2e7bf	original
lerobot/src/lerobot/teleoperators/reachy2_teleoperator/__init__.py	lerobot/src/lerobot/teleoperators/reachy2_teleoperator/__init__.py	1096	046d1457f9f27e8f5693aa5b78881acfa1dd1c43ff036ddf6cc6f27c5834dac4	046d1457f9f27e8f5693aa5b78881acfa1dd1c43ff036ddf6cc6f27c5834dac4	original
lerobot/src/lerobot/teleoperators/reachy2_teleoperator/config_reachy2_teleoperator.py	lerobot/src/lerobot/teleoperators/reachy2_teleoperator/config_reachy2_teleoperator.py	1767	71d44f6f816f90f6bc29f0a26f313f2cb5e0962c71c2dd94cfe81b432b3b4ea3	71d44f6f816f90f6bc29f0a26f313f2cb5e0962c71c2dd94cfe81b432b3b4ea3	original
lerobot/src/lerobot/teleoperators/reachy2_teleoperator/reachy2_teleoperator.py	lerobot/src/lerobot/teleoperators/reachy2_teleoperator/reachy2_teleoperator.py	5725	964469f17fe9af34abc4f080b72ececeb8ccad747657ea55dce121404450c9e5	964469f17fe9af34abc4f080b72ececeb8ccad747657ea55dce121404450c9e5	original
lerobot/src/lerobot/teleoperators/rebot_102_leader/__init__.py	lerobot/src/lerobot/teleoperators/rebot_102_leader/__init__.py	868	53f5847b3ab5f393b8e946267fa548520485420fbd52b17d6e58be1a1c970ff5	53f5847b3ab5f393b8e946267fa548520485420fbd52b17d6e58be1a1c970ff5	original
lerobot/src/lerobot/teleoperators/rebot_102_leader/config_rebot_102_leader.py	lerobot/src/lerobot/teleoperators/rebot_102_leader/config_rebot_102_leader.py	2779	cc0b3f84ee50b9bea0e9146b3f8382e6eb7e790f4dbee6d23878c2490ec57ae4	cc0b3f84ee50b9bea0e9146b3f8382e6eb7e790f4dbee6d23878c2490ec57ae4	original
lerobot/src/lerobot/teleoperators/rebot_102_leader/rebot_102_leader.py	lerobot/src/lerobot/teleoperators/rebot_102_leader/rebot_102_leader.py	8404	79af9c396d973f17183a13dc43f6faf24e10ec5e422e18e3556c7b7f75df99ce	79af9c396d973f17183a13dc43f6faf24e10ec5e422e18e3556c7b7f75df99ce	original
lerobot/src/lerobot/teleoperators/so_leader/__init__.py	lerobot/src/lerobot/teleoperators/so_leader/__init__.py	988	70096c09dfb14f3fa76cb4405e2dab608ea3ada0a74805131243d3b48d9ff0bd	70096c09dfb14f3fa76cb4405e2dab608ea3ada0a74805131243d3b48d9ff0bd	original
lerobot/src/lerobot/teleoperators/so_leader/config_so_leader.py	lerobot/src/lerobot/teleoperators/so_leader/config_so_leader.py	1205	1c027fa8b82db9be76cf1dec8f3f332d3c08b1d3fe40ca763d0b36013b17f80e	1c027fa8b82db9be76cf1dec8f3f332d3c08b1d3fe40ca763d0b36013b17f80e	original
lerobot/src/lerobot/teleoperators/so_leader/so100.md	lerobot/src/lerobot/teleoperators/so_leader/so100.md	19908	f25586ff96ba4af49184ce62e9a6861307ef03cde132b777e45da77b72e234c2	f25586ff96ba4af49184ce62e9a6861307ef03cde132b777e45da77b72e234c2	original
lerobot/src/lerobot/teleoperators/so_leader/so101.md	lerobot/src/lerobot/teleoperators/so_leader/so101.md	14708	0d84a63647e64cc65edc622ed1c781e7c5b99e36b8e7502a40fcb65fa16c1e53	0d84a63647e64cc65edc622ed1c781e7c5b99e36b8e7502a40fcb65fa16c1e53	original
lerobot/src/lerobot/teleoperators/so_leader/so_leader.py	lerobot/src/lerobot/teleoperators/so_leader/so_leader.py	6251	11dc00fc5315cf23ca9fb3f58634cb5f3e04c744d8117009f37bee63b3b3d0a7	11dc00fc5315cf23ca9fb3f58634cb5f3e04c744d8117009f37bee63b3b3d0a7	original
lerobot/src/lerobot/teleoperators/teleoperator.py	lerobot/src/lerobot/teleoperators/teleoperator.py	7448	4054b76dffa9f61bcff285e9adc0be283ea71244d535056f74cfe5c1056ec237	4054b76dffa9f61bcff285e9adc0be283ea71244d535056f74cfe5c1056ec237	original
lerobot/src/lerobot/teleoperators/unitree_g1/__init__.py	lerobot/src/lerobot/teleoperators/unitree_g1/__init__.py	1145	edfde2ff369826f365d18e3ba8b8d8360d5fe97cef482549affde8dc1e73e6a0	edfde2ff369826f365d18e3ba8b8d8360d5fe97cef482549affde8dc1e73e6a0	original
lerobot/src/lerobot/teleoperators/unitree_g1/config_unitree_g1.py	lerobot/src/lerobot/teleoperators/unitree_g1/config_unitree_g1.py	1296	2ea32b66123e59b9a689165844a209b582b782b6e41f37ffcc022174b73c9f86	2ea32b66123e59b9a689165844a209b582b782b6e41f37ffcc022174b73c9f86	original
lerobot/src/lerobot/teleoperators/unitree_g1/exo_calib.py	lerobot/src/lerobot/teleoperators/unitree_g1/exo_calib.py	18609	3e80cff9b0c6150cb7adb8ca3c777f09f7878a457e1fc60ed8c068cdbfe6ab4e	3e80cff9b0c6150cb7adb8ca3c777f09f7878a457e1fc60ed8c068cdbfe6ab4e	original
lerobot/src/lerobot/teleoperators/unitree_g1/exo_ik.py	lerobot/src/lerobot/teleoperators/unitree_g1/exo_ik.py	12428	4ce27f64f1cea399b5eaa3bcb2ebd3f9dff3fede50894ac074086ded6a90e588	4ce27f64f1cea399b5eaa3bcb2ebd3f9dff3fede50894ac074086ded6a90e588	original
lerobot/src/lerobot/teleoperators/unitree_g1/exo_serial.py	lerobot/src/lerobot/teleoperators/unitree_g1/exo_serial.py	4270	c2482c98cfdba10c75e80b2799316e180bec6909ffbd66e2219bc0577b9dc2b1	c2482c98cfdba10c75e80b2799316e180bec6909ffbd66e2219bc0577b9dc2b1	original
lerobot/src/lerobot/teleoperators/unitree_g1/unitree_g1.py	lerobot/src/lerobot/teleoperators/unitree_g1/unitree_g1.py	12323	39efa531a694ed0cd72c0898efa9e0fcc1528a15b5d059aa348c850592e7b0d9	39efa531a694ed0cd72c0898efa9e0fcc1528a15b5d059aa348c850592e7b0d9	original
lerobot/src/lerobot/teleoperators/utils.py	lerobot/src/lerobot/teleoperators/utils.py	4003	19fb7d04f26766797f142989ab07e4fa0a8ff8736a8bfc731f1ace144022f243	19fb7d04f26766797f142989ab07e4fa0a8ff8736a8bfc731f1ace144022f243	original
lerobot/src/lerobot/templates/lerobot_modelcard_template.md	lerobot/src/lerobot/templates/lerobot_modelcard_template.md	14248	04bed56ef1f264261093b45c9aa115079f7f110c68d1b0097dbcdf29321d61e3	04bed56ef1f264261093b45c9aa115079f7f110c68d1b0097dbcdf29321d61e3	original
lerobot/src/lerobot/templates/lerobot_rewardmodel_modelcard_template.md	lerobot/src/lerobot/templates/lerobot_rewardmodel_modelcard_template.md	2832	31c1f3de97fd4d8c5d2489072e50a133e7cb56d29b81a7208ff64397fac6709d	31c1f3de97fd4d8c5d2489072e50a133e7cb56d29b81a7208ff64397fac6709d	original
lerobot/src/lerobot/transforms/__init__.py	lerobot/src/lerobot/transforms/__init__.py	967	15dab274181f4fede3c7ee3f47a894aed2dfb86da9a174d74e9e5c0eb4082f28	15dab274181f4fede3c7ee3f47a894aed2dfb86da9a174d74e9e5c0eb4082f28	original
lerobot/src/lerobot/transforms/transforms.py	lerobot/src/lerobot/transforms/transforms.py	9991	d5a5dc50ea5a8736d20e5311fd760a69cce2d91b0f45a52309dfc9c69ec7ce78	d5a5dc50ea5a8736d20e5311fd760a69cce2d91b0f45a52309dfc9c69ec7ce78	original
lerobot/src/lerobot/transport/__init__.py	lerobot/src/lerobot/transport/__init__.py	943	fd50279c1b3effacebc6adb85ef94b6fdb37e1c2da8067588638e0308985a61b	fd50279c1b3effacebc6adb85ef94b6fdb37e1c2da8067588638e0308985a61b	original
lerobot/src/lerobot/transport/services.proto	lerobot/src/lerobot/transport/services.proto	2718	a3c2c3aee953851f779f052815e7da2c398b2cbe367a47ec3b80cbad902aaef7	a3c2c3aee953851f779f052815e7da2c398b2cbe367a47ec3b80cbad902aaef7	original
lerobot/src/lerobot/transport/services_pb2.py	lerobot/src/lerobot/transport/services_pb2.py	3712	06efc0dd44bb4a1e532612d6f7994176214028802ecbfd96e9d79376da74657c	06efc0dd44bb4a1e532612d6f7994176214028802ecbfd96e9d79376da74657c	original
lerobot/src/lerobot/transport/services_pb2_grpc.py	lerobot/src/lerobot/transport/services_pb2_grpc.py	17731	3b1cde1f24d00b536e113074385a1bd2f0948d0e8ce2c5cb543ca4debbb377ba	3b1cde1f24d00b536e113074385a1bd2f0948d0e8ce2c5cb543ca4debbb377ba	original
lerobot/src/lerobot/transport/utils.py	lerobot/src/lerobot/transport/utils.py	6557	3cb63b68d2628996b3999288b33deea67f56be05d6dcc5dae0ec9a4004b3cd8a	3cb63b68d2628996b3999288b33deea67f56be05d6dcc5dae0ec9a4004b3cd8a	original
lerobot/src/lerobot/types.py	lerobot/src/lerobot/types.py	1757	2c4e6ba9184af9436eaf0e0b520810294365b68fc4a610161996260f2aea8600	2c4e6ba9184af9436eaf0e0b520810294365b68fc4a610161996260f2aea8600	original
lerobot/src/lerobot/utils/__init__.py	lerobot/src/lerobot/utils/__init__.py	1942	dd8d6fa1866d8c2e70dfa033fbdcac7616e60528c0fa9362ef74f0db6c9c9624	dd8d6fa1866d8c2e70dfa033fbdcac7616e60528c0fa9362ef74f0db6c9c9624	original
lerobot/src/lerobot/utils/action_interpolator.py	lerobot/src/lerobot/utils/action_interpolator.py	3905	cd7ac68c8ac3106a95c2dc65af530219174b8fa6e72e4657a7fe60af375992e6	cd7ac68c8ac3106a95c2dc65af530219174b8fa6e72e4657a7fe60af375992e6	original
lerobot/src/lerobot/utils/bimanual.py	lerobot/src/lerobot/utils/bimanual.py	2109	e2ce641efa926ee7edc85973095040f3f27ebdb0335df6edef4f174cb6df7f7f	e2ce641efa926ee7edc85973095040f3f27ebdb0335df6edef4f174cb6df7f7f	original
lerobot/src/lerobot/utils/collate.py	lerobot/src/lerobot/utils/collate.py	2496	9c20df8154caed83c26aab1fe35ddf7308b3fb7075073f2ba9492015c7743e78	9c20df8154caed83c26aab1fe35ddf7308b3fb7075073f2ba9492015c7743e78	original
lerobot/src/lerobot/utils/constants.py	lerobot/src/lerobot/utils/constants.py	4245	966887445ea327a72724602b625650212a4c85148ab516e0784a41f167687e73	966887445ea327a72724602b625650212a4c85148ab516e0784a41f167687e73	original
lerobot/src/lerobot/utils/decorators.py	lerobot/src/lerobot/utils/decorators.py	1359	97b69134ae24bd306dd43bec4fa8792ad02405886d7fc146f4dd0202cbbd4d88	97b69134ae24bd306dd43bec4fa8792ad02405886d7fc146f4dd0202cbbd4d88	original
lerobot/src/lerobot/utils/device_utils.py	lerobot/src/lerobot/utils/device_utils.py	4156	931bd2ca280b6e2ac189bf1bb414a2351195fec02e2831a377618f2bcb308e1f	931bd2ca280b6e2ac189bf1bb414a2351195fec02e2831a377618f2bcb308e1f	original
lerobot/src/lerobot/utils/errors.py	lerobot/src/lerobot/utils/errors.py	1206	5bab3b68cbbc88a764daaa103c488a08dcf2d61ef5274931fa3d6013d2a2ec4a	5bab3b68cbbc88a764daaa103c488a08dcf2d61ef5274931fa3d6013d2a2ec4a	original
lerobot/src/lerobot/utils/feature_utils.py	lerobot/src/lerobot/utils/feature_utils.py	9041	53d503b8f0eda6e40be90e39504c2949f07b526a6e079d74390893be967aef19	53d503b8f0eda6e40be90e39504c2949f07b526a6e079d74390893be967aef19	original
lerobot/src/lerobot/utils/foxglove_visualization.py	lerobot/src/lerobot/utils/foxglove_visualization.py	27716	8c895d8b7ef73d2181285513aaf64efcdfd854e993610de24ac385d64feb7568	8c895d8b7ef73d2181285513aaf64efcdfd854e993610de24ac385d64feb7568	original
lerobot/src/lerobot/utils/hub.py	lerobot/src/lerobot/utils/hub.py	9883	4e7a8c2d07637abee7cfacba7e41cd034ef4085ea87d8d2f00d46f34637fafca	4e7a8c2d07637abee7cfacba7e41cd034ef4085ea87d8d2f00d46f34637fafca	original
lerobot/src/lerobot/utils/import_utils.py	lerobot/src/lerobot/utils/import_utils.py	10378	e89a0077e8671a8d4a49174f3089a6b16a5b9c429b58f8fb5965242955a84070	e89a0077e8671a8d4a49174f3089a6b16a5b9c429b58f8fb5965242955a84070	original
lerobot/src/lerobot/utils/io_utils.py	lerobot/src/lerobot/utils/io_utils.py	6344	5960c2aadec8a3d3176eeb7fbd33530ef76df27dbe12e11274374cc763755721	5960c2aadec8a3d3176eeb7fbd33530ef76df27dbe12e11274374cc763755721	original
lerobot/src/lerobot/utils/keyboard_input.py	lerobot/src/lerobot/utils/keyboard_input.py	18192	0bf7d0d684c078bd0cacc02d9439e1bbe57ea0c201ac58c9501278ab34d7d610	0bf7d0d684c078bd0cacc02d9439e1bbe57ea0c201ac58c9501278ab34d7d610	original
lerobot/src/lerobot/utils/logging_utils.py	lerobot/src/lerobot/utils/logging_utils.py	8947	fdaeef7342f76bcedf607632e2ceae0c83530f5f30a3a3ccae7852f2366485a2	fdaeef7342f76bcedf607632e2ceae0c83530f5f30a3a3ccae7852f2366485a2	original
lerobot/src/lerobot/utils/pedal.py	lerobot/src/lerobot/utils/pedal.py	2972	5c1e02ace2a332e84e7aaa4884ce646da9624c119f731233e9296b152bd4c82f	5c1e02ace2a332e84e7aaa4884ce646da9624c119f731233e9296b152bd4c82f	original
lerobot/src/lerobot/utils/process.py	lerobot/src/lerobot/utils/process.py	3160	6108e142cfbed7602b3d4d5edf16e83df464fd42ef71237b367e55569cf70a5c	6108e142cfbed7602b3d4d5edf16e83df464fd42ef71237b367e55569cf70a5c	original
lerobot/src/lerobot/utils/random_utils.py	lerobot/src/lerobot/utils/random_utils.py	7262	a93dab012ee377afa315b8a4379dcf39e6d1b7c02a64fcc4d5b4084b2552f477	a93dab012ee377afa315b8a4379dcf39e6d1b7c02a64fcc4d5b4084b2552f477	original
lerobot/src/lerobot/utils/rerun_visualization.py	lerobot/src/lerobot/utils/rerun_visualization.py	7695	f548e6b7051d54fa02a810939ddeeb65ce8478cc339be5141849850bec181882	f548e6b7051d54fa02a810939ddeeb65ce8478cc339be5141849850bec181882	original
lerobot/src/lerobot/utils/robot_utils.py	lerobot/src/lerobot/utils/robot_utils.py	2368	879bbee3825a9df374a71fd78a622ed8099a0a6a2f364a143be9a3c23b726bb3	879bbee3825a9df374a71fd78a622ed8099a0a6a2f364a143be9a3c23b726bb3	original
lerobot/src/lerobot/utils/rotation.py	lerobot/src/lerobot/utils/rotation.py	9259	1b4c52538ec4ec06060145e5ff750ab3cf0d102291a982eeae2f927656bc14cd	1b4c52538ec4ec06060145e5ff750ab3cf0d102291a982eeae2f927656bc14cd	original
lerobot/src/lerobot/utils/sample_weighting.py	lerobot/src/lerobot/utils/sample_weighting.py	8462	88375dccc5a64f6f8f99f602226071533122ae3683ce8517bbcca3d3672188a4	88375dccc5a64f6f8f99f602226071533122ae3683ce8517bbcca3d3672188a4	original
lerobot/src/lerobot/utils/transition.py	lerobot/src/lerobot/utils/transition.py	3360	ccd3cc3fb1a238609826d39fee36eefe7c3127c4e91a9860d96d178fdb065ba4	ccd3cc3fb1a238609826d39fee36eefe7c3127c4e91a9860d96d178fdb065ba4	original
lerobot/src/lerobot/utils/utils.py	lerobot/src/lerobot/utils/utils.py	12632	1052b37570376aadb56b1b69688c5b755440b7a5b081e762e966bda9fd75bae1	1052b37570376aadb56b1b69688c5b755440b7a5b081e762e966bda9fd75bae1	original
lerobot/src/lerobot/utils/visualization_utils.py	lerobot/src/lerobot/utils/visualization_utils.py	3270	c77f4055c46fbe5d57012b3d8dab2a5342cd519c8fd73b07da6277c4a7799500	c77f4055c46fbe5d57012b3d8dab2a5342cd519c8fd73b07da6277c4a7799500	original
lerobot/uv.lock	lerobot/uv.lock	1158222	367f3d6635ce0975bff459a02ea01ecd847836f491223c5394253d7d054b9280	367f3d6635ce0975bff459a02ea01ecd847836f491223c5394253d7d054b9280	original
remote_teleop/HANDOFF_20260913.md	remote_teleop/HANDOFF_20260913.md	14076	15bfe41e5e0d682816a338008a4078d9d3693ccd8d10992711316e52e7e4e521	dbde475c8bab3985df3165e6b624f67b62f1e48e1fde14b745cacf46c12ef2c6	historical-document-banner
remote_teleop/README.md	remote_teleop/README.md	3625	280133c527372f39b75ba9470686ca2716512d686363bafd6ac5109991e6e543	f0db5c9c74c1678ae6b5b399bd54e5993f15d278f5dbb342e4c7dd1c2fd307c4	historical-document-banner
remote_teleop/START_TWO_CONTROL_VERSIONS.md	remote_teleop/START_TWO_CONTROL_VERSIONS.md	2188	a145195da8d905c58f32a9918026aef61a865e164582a180b00a722376d76935	12e029c9b30ab80b1af68704712cba589c625afcc3447f5331ef273283bdaf2a	historical-document-banner
remote_teleop/align_follower_zero_to_leader.py	remote_teleop/align_follower_zero_to_leader.py	8531	467974f01be3e36b6b42f98aad5bff5a80ae4fae4c677a95cc61117febc78a43	467974f01be3e36b6b42f98aad5bff5a80ae4fae4c677a95cc61117febc78a43	original
remote_teleop/analyze_remote_arm_csv.py	remote_teleop/analyze_remote_arm_csv.py	3590	7579c1245847fb8a0ec3f7db8893afd10d682e6fedbc061cf1de10719d526012	7579c1245847fb8a0ec3f7db8893afd10d682e6fedbc061cf1de10719d526012	original
remote_teleop/apply_leader_ranges_to_follower.py	remote_teleop/apply_leader_ranges_to_follower.py	6402	a3104bf270add0f03cea5773a5994b27b7f5da16fc6a7bc3c4bf9b202fb70702	a3104bf270add0f03cea5773a5994b27b7f5da16fc6a7bc3c4bf9b202fb70702	original
remote_teleop/arm_udp_protocol.py	remote_teleop/arm_udp_protocol.py	4206	3d11f0ebfc546a45d5c15099b1d5cd6538aaa00cfd8211c7160279d671cfb5fc	3d11f0ebfc546a45d5c15099b1d5cd6538aaa00cfd8211c7160279d671cfb5fc	original
remote_teleop/calibrate_pair_pc1.py	remote_teleop/calibrate_pair_pc1.py	10127	2738dfcf61bff60944bfa030bcb07765963b15d5d11de4dc63a78d8f7c8c513d	2738dfcf61bff60944bfa030bcb07765963b15d5d11de4dc63a78d8f7c8c513d	original
remote_teleop/calibrate_unitree_follower.py	remote_teleop/calibrate_unitree_follower.py	6659	00f7d00180aba4de3a931002354f01a9e2ff25e55584b2caa20747b9cfd1e377	00f7d00180aba4de3a931002354f01a9e2ff25e55584b2caa20747b9cfd1e377	original
remote_teleop/calibration_export/README.txt	remote_teleop/calibration_export/README.txt	321	1a832437231d7d0964cbf3f5b78a8611a6abbcecd9de982daa5961851ed26b5d	1a832437231d7d0964cbf3f5b78a8611a6abbcecd9de982daa5961851ed26b5d	original
remote_teleop/calibration_export/aloha_follower.json	remote_teleop/calibration_export/aloha_follower.json	912	0402e3b35f21a36a91dd5689b283f76283e75bdbf9adce1ad2882928c9785ec5	0402e3b35f21a36a91dd5689b283f76283e75bdbf9adce1ad2882928c9785ec5	original
remote_teleop/dashboard_latest.py	remote_teleop/dashboard_latest.py	6433	7d907a6ef013730e16a5e9c8d8b9760c3758606a62a35d7df026f5b267e65b20	7d907a6ef013730e16a5e9c8d8b9760c3758606a62a35d7df026f5b267e65b20	original
remote_teleop/dashboard_viewer.py	remote_teleop/dashboard_viewer.py	1856	8b764e8bedbed38b3f4f31026a0c2c1e479596fca7f12a1e2baf8da7419effb8	8b764e8bedbed38b3f4f31026a0c2c1e479596fca7f12a1e2baf8da7419effb8	original
remote_teleop/inspect_follower_joint_mapping.py	remote_teleop/inspect_follower_joint_mapping.py	3123	5e2b6c0a2124290290c6137249c3150f2b05f122420eab15ce65993ffc40b43d	5e2b6c0a2124290290c6137249c3150f2b05f122420eab15ce65993ffc40b43d	original
remote_teleop/insta360_calibration_viewer.py	remote_teleop/insta360_calibration_viewer.py	7276	721aff4f57d1fe7bd0c319cdfce9bb5529b72a5bc4afeef39874081b3328ffce	721aff4f57d1fe7bd0c319cdfce9bb5529b72a5bc4afeef39874081b3328ffce	original
remote_teleop/insta360_view_preset.json	remote_teleop/insta360_view_preset.json	116	265e3f3a65a5437caa3ae28586d7b0799d855b4dcb53334e41690502aa546e7e	265e3f3a65a5437caa3ae28586d7b0799d855b4dcb53334e41690502aa546e7e	original
remote_teleop/launch_insta360_calibration.sh	remote_teleop/launch_insta360_calibration.sh	3394	2193c4d39bc316c889a32629aa2a613b2d7e1dc0de39307624821d433c387e2c	2193c4d39bc316c889a32629aa2a613b2d7e1dc0de39307624821d433c387e2c	original
remote_teleop/launch_insta360_test.sh	remote_teleop/launch_insta360_test.sh	2119	93a4825f55a766ee3b72fd4895fd2678298ccc33d0c08036e44efd6352c35841	93a4825f55a766ee3b72fd4895fd2678298ccc33d0c08036e44efd6352c35841	original
remote_teleop/launch_pc1_operation.sh	remote_teleop/launch_pc1_operation.sh	12004	4d525382a7b0191fac1941b2b0ac85d035959808ae153d0b43fa08883e1f0def	4d525382a7b0191fac1941b2b0ac85d035959808ae153d0b43fa08883e1f0def	original
remote_teleop/minimal_lerobot_utils_init.py	remote_teleop/minimal_lerobot_utils_init.py	215	88400c9db1895c502d8f2d6a43fb471f268df1510aa5b9ba512e3094a2952b73	88400c9db1895c502d8f2d6a43fb471f268df1510aa5b9ba512e3094a2952b73	original
remote_teleop/pc1_ble_docker.py	remote_teleop/pc1_ble_docker.py	5181	46227ab839efd19e32db4443a2f106ec89c52877601b83260b8b86ac04ec801e	46227ab839efd19e32db4443a2f106ec89c52877601b83260b8b86ac04ec801e	original
remote_teleop/pc1_leader_sender.py	remote_teleop/pc1_leader_sender.py	8450	95a2e521b4e816aa7082070b8b1eb0a0d42cfe6de4a7837c18e843a4b85d0277	95a2e521b4e816aa7082070b8b1eb0a0d42cfe6de4a7837c18e843a4b85d0277	original
remote_teleop/prepare_pair_zero_pose.py	remote_teleop/prepare_pair_zero_pose.py	5965	8fbf268e185b8d4fffb96e5d7416ede5427a1d876be1b76d902cb49e3d2c940f	8fbf268e185b8d4fffb96e5d7416ede5427a1d876be1b76d902cb49e3d2c940f	original
remote_teleop/so101_bus.py	remote_teleop/so101_bus.py	3426	e83867c08e7c50ec22547e42e9b432b5ac63a85d132d85503dc2fede33af0f75	e83867c08e7c50ec22547e42e9b432b5ac63a85d132d85503dc2fede33af0f75	original
remote_teleop/start_stack_ble_pc_remote.sh	remote_teleop/start_stack_ble_pc_remote.sh	5537	9a5a6153d425b21b91590df6d119f3f4ca84f5550c117741a783f7e3130b982e	9a5a6153d425b21b91590df6d119f3f4ca84f5550c117741a783f7e3130b982e	original
remote_teleop/start_stack_native_remote.sh	remote_teleop/start_stack_native_remote.sh	877	fce61a178ddfb09fda56d84e898ebfa5f04a97a24c42214497985d9d2b033392	fce61a178ddfb09fda56d84e898ebfa5f04a97a24c42214497985d9d2b033392	original
remote_teleop/tests/test_docker_stack.sh	remote_teleop/tests/test_docker_stack.sh	12553	4ec07a831f4a5b09e5272af420b4c0439fad71609edcf59f23c58c9f545fceaf	4ec07a831f4a5b09e5272af420b4c0439fad71609edcf59f23c58c9f545fceaf	original
remote_teleop/tests/test_video_pipeline.sh	remote_teleop/tests/test_video_pipeline.sh	5207	8d80e10cc729d521285f3c24b93a85de46fedb65e8552b2d5242be3cdd8088f2	8d80e10cc729d521285f3c24b93a85de46fedb65e8552b2d5242be3cdd8088f2	original
remote_teleop/unitree_follower_receiver.py	remote_teleop/unitree_follower_receiver.py	12619	7e2447f62afe7136f12e6722505873e3d32bb346e9cf99c516b36bab575e34cf	7e2447f62afe7136f12e6722505873e3d32bb346e9cf99c516b36bab575e34cf	original
remote_teleop/unitree_insta360_reframe_sender.sh	remote_teleop/unitree_insta360_reframe_sender.sh	4534	43ebae42efdb86e44a1cc6cdf22fc58227684cdf00ae69eba325037dc3294a9d	43ebae42efdb86e44a1cc6cdf22fc58227684cdf00ae69eba325037dc3294a9d	original
remote_teleop/unitree_insta360_sender.sh	remote_teleop/unitree_insta360_sender.sh	2671	9d2f953b591bd9becb3b56580367106c1f61533e9a4b385bf22d7335046a3649	9d2f953b591bd9becb3b56580367106c1f61533e9a4b385bf22d7335046a3649	original
remote_teleop/unitree_launch_services.sh	remote_teleop/unitree_launch_services.sh	13645	035a17e8d6e18a5d1021c4754af2ddb22df8d975aa7203f5326eb80146eda1c9	035a17e8d6e18a5d1021c4754af2ddb22df8d975aa7203f5326eb80146eda1c9	original
remote_teleop/unitree_realsense_sender.py	remote_teleop/unitree_realsense_sender.py	5649	e64014c63438b27f74a74639d3baac7198f05a7d4d04252d5b7e79f347db316d	e64014c63438b27f74a74639d3baac7198f05a7d4d04252d5b7e79f347db316d	original
remote_teleop/unitree_uvc_camera_sender.sh	remote_teleop/unitree_uvc_camera_sender.sh	3148	0f9f647b8ded3aa51da6eadec4d45380bcca6db2d8e52a29e8d27741c5403685	0f9f647b8ded3aa51da6eadec4d45380bcca6db2d8e52a29e8d27741c5403685	original
remote_teleop/video_dashboard.sh	remote_teleop/video_dashboard.sh	170	9e9220a4686c8f078479d2f5cde0cd03dae8feb1a420ae677658ff2013230d51	9e9220a4686c8f078479d2f5cde0cd03dae8feb1a420ae677658ff2013230d51	original
remote_teleop/view_insta360_stream.sh	remote_teleop/view_insta360_stream.sh	1443	a804b2023b0109f01cf48ce63ff1e164df45b665c4f4a173bb954ff802347b91	a804b2023b0109f01cf48ce63ff1e164df45b665c4f4a173bb954ff802347b91	original
windows_ble_test/ble_command_mapper.py	windows_ble_test/ble_command_mapper.py	6171	fb5978438a3adbd13cb52c2a389f2e6d27f21d7de54dc7c66d29d7d8c779e19b	fb5978438a3adbd13cb52c2a389f2e6d27f21d7de54dc7c66d29d7d8c779e19b	original
windows_ble_test/ble_udp_sender.py	windows_ble_test/ble_udp_sender.py	14359	f46a949fb9084762d7cb98b80a0b7d9818c3857eb1f8541a191bda64df79ef04	f46a949fb9084762d7cb98b80a0b7d9818c3857eb1f8541a191bda64df79ef04	original
windows_ble_test/inspect_unitree.py	windows_ble_test/inspect_unitree.py	511	4bf1abc3d2040eb4727f26edb776e14653574bf80e758ac474d7d75bc67149d5	4bf1abc3d2040eb4727f26edb776e14653574bf80e758ac474d7d75bc67149d5	original
windows_ble_test/listen_unitree.py	windows_ble_test/listen_unitree.py	1618	2aeb47f65ee607261a5076af95819b5dfea62983b97ec6d4c845812035aa570d	2aeb47f65ee607261a5076af95819b5dfea62983b97ec6d4c845812035aa570d	original
windows_ble_test/scan_ble.py	windows_ble_test/scan_ble.py	467	abbe26eb6185efac65d8bcfd7d28fe8c5f84d22864ca71913d0c7051de89a1e4	abbe26eb6185efac65d8bcfd7d28fe8c5f84d22864ca71913d0c7051de89a1e4	original
windows_ble_test/unitree_live_monitor.py	windows_ble_test/unitree_live_monitor.py	3845	cb328e9e07fc73bc95ca439087682062eb258744e2b53819b6de5b79019ff05b	cb328e9e07fc73bc95ca439087682062eb258744e2b53819b6de5b79019ff05b	original
